directory,url
natalie-portman,https://upload.wikimedia.org/wikipedia/commons/thumb/2/2f/Natalie_Portman_Cannes_2015_5.jpg/220px-Natalie_Portman_Cannes_2015_5.jpg
natalie-portman,"https://ia.media-imdb.com/images/M/MV5BMTQ3ODE3Mjg1NV5BMl5BanBnXkFtZTcwNzA4ODcxNA@@._V1_UY317_CR11,0,214,317_AL_.jpg"
natalie-portman,https://upload.wikimedia.org/wikipedia/commons/thumb/c/c4/NataliePortman09TIFF.jpg/220px-NataliePortman09TIFF.jpg
natalie-portman,http://www.indiewire.com/wp-content/uploads/2017/11/shutterstock_9071811a.jpg?w=780
natalie-portman,https://www.natalieportman.com/wp-content/uploads/2016/03/potw3.jpg
natalie-portman,http://cdn-img.instyle.com/sites/default/files/images/2017/11/112117-natalie-portman.jpg
natalie-portman,https://media.wmagazine.com/photos/5a132ef9211524101287c574/4:3/w_1536/natalie-portman-sexual-harassment-in-hollywood.jpg
natalie-portman,https://upload.wikimedia.org/wikipedia/commons/thumb/e/e6/Natalie_Portman_AA_2011.jpg/220px-Natalie_Portman_AA_2011.jpg
natalie-portman,https://www.biography.com/.image/t_share/MTE4MDAzNDEwNzU3MDYwMTEw/natalie-portman-9542326-1-402.jpg
natalie-portman,"http://akns-images.eonline.com/eol_images/Entire_Site/2018121/rs_600x600-180221094247-600-natalie-portman.jpg?fit=around|300:300&crop=300:300;center,top&output-quality=100"
natalie-portman,https://pixel.nymag.com/imgs/daily/vulture/2017/11/20/20-natalie-portman-vulturefest.w710.h473.jpg
natalie-portman,http://images.indianexpress.com/2018/01/natalie-portman-759.jpg
natalie-portman,https://www.natalieportman.com/wp-content/uploads/2016/03/potw1.jpg
natalie-portman,http://cdn-img.instyle.com/sites/default/files/styles/320x384/public/images/2018/02/0221-natalie-portman-lead.jpg?itok=givqKWFN
natalie-portman,https://www.usmagazine.com/wp-content/uploads/natalie-portman-kimmel-fd0f0813-3212-4810-b4d7-bac6968902fe.jpg
natalie-portman,https://www.thewrap.com/wp-content/uploads/2018/01/Natalie-Portman.png
natalie-portman,https://hips.hearstapps.com/hmg-prod.s3.amazonaws.com/images/hbz-24-hours-natalie-portman-00-index-1503080370.jpg
natalie-portman,https://idolwiki.com/pics/NataliePortman/NataliePortman.jpg
natalie-portman,"https://img.thedailybeast.com/image/upload/c_crop,d_placeholder_euli9k,h_1439,w_2560,x_0,y_0/dpr_2.0/c_limit,w_740/fl_lossy,q_auto/v1491847225/articles/2017/03/21/natalie-portman-talks-song-to-song-tupac-and-the-absurdity-of-the-trump-administration/170320-stern-natalie-portman-tease_k5gyen"
natalie-portman,https://gazettereview.com/wp-content/uploads/2016/12/natalie-portman.jpg
natalie-portman,https://www.thewrap.com/wp-content/uploads/2017/06/natalie-portman-1.jpg
natalie-portman,http://ksassets.timeincuk.net/wp/uploads/sites/55/2018/01/Natalie-Portman-1-920x584.jpg
natalie-portman,http://fanfest.com/wp-content/uploads/2018/01/natalie_portman_gray_2010_a_l.jpg
natalie-portman,https://imagesvc.timeincapp.com/v3/mm/image?url=https%3A%2F%2Fpeopledotcom.files.wordpress.com%2F2018%2F02%2Fnatalie-portman5.jpg&w=300&h=167&c=sc&poi=face&q=85
natalie-portman,http://newz.ug/wp-content/uploads/2018/01/portman.jpg
natalie-portman,https://www.natalieportman.com/wp-content/uploads/2016/03/potw5.jpg
natalie-portman,https://cdn1.thr.com/sites/default/files/2015/05/bts_natalie_portman_clean.jpg
natalie-portman,https://upload.wikimedia.org/wikipedia/commons/4/46/Natalie_Portman_Thor_2_cropped.png
natalie-portman,http://i.dailymail.co.uk/i/pix/2017/07/29/19/42B5ED2D00000578-4742658-image-a-72_1501352955922.jpg
natalie-portman,"https://hips.hearstapps.com/hmg-prod.s3.amazonaws.com/images/hbz-24-hours-natalie-portman-02-1503080396.jpg?crop=1xw:1xh;center,top&resize=480:*"
natalie-portman,http://elleuk.cdnds.net/15/37/1600x2133/1600x2133-590-29f8-11e6-a6ca-f1eb62acb10e-assets-elleuk-com-thumbs-23244-main-natalie-portman-hair-history-jpg.jpg
natalie-portman,http://www.hawtcelebs.com/wp-content/uploads/2017/10/natalie-portman-out-and-about-in-los-angeles-10-26-2017-14.jpg
natalie-portman,"https://media.vanityfair.com/photos/588177199a46ec0e311bfd42/master/w_768,c_limit/natalie-portman-red-carpet-jackie-ss08.jpg"
natalie-portman,https://vignette.wikia.nocookie.net/people-dont-have-to-be-anything-else/images/2/24/Natalie-natalie-portman-1355106-1292-1800.jpg/revision/latest?cb=20131125123714
natalie-portman,https://media1.popsugar-assets.com/files/thumbor/BtPwTqOpLIAPdGtdEvG2uAy_dns/fit-in/2048xorig/filters:format_auto-!!-:strip_icc-!!-/2017/01/09/697/n/1922398/ebc088915873afbba651b7.04595386_edit_img_image_42962409_1483961400/i/Pictures-Natalie-Portman-2017-Golden-Globe-Awards.jpg
natalie-portman,https://www.goldenglobes.com/sites/default/files/styles/portrait_medium/public/people/cover_images/natalie_portman_111116_jackie_5c.jpg?itok=8GL0JfZS&c=f23a63dc960c0657d00358e974a41cbf
natalie-portman,https://www.biography.com/.image/c_fit%2Ccs_srgb%2Ch_406%2Cq_50%2Cw_620/MTE4MDAzNDEwNzU2Nzk3OTY2/natalie-portman-9542326-2-402.jpg
natalie-portman,"https://i.kinja-img.com/gawker-media/image/upload/s--pE396NYI--/c_scale,fl_progressive,q_80,w_800/senmepsxytzt7tumwggq.jpg"
natalie-portman,https://amp.thisisinsider.com/images/5a620df7cba4b827018b458d-1136-852.jpg
natalie-portman,https://www.fashiongonerogue.com/wp-content/uploads/2017/08/Natalie-Portman-Miss-Dior-Teaser.jpg
natalie-portman,https://media.gettyimages.com/photos/natalie-portman-at-premiere-of-star-wars-the-phantom-menace-new-york-picture-id534899851
natalie-portman,https://media1.popsugar-assets.com/files/thumbor/Lqbpomby5MVy8H6wu55ovB7br-U/fit-in/1024x1024/filters:format_auto-!!-:strip_icc-!!-/2016/09/08/742/n/1922398/7513e91bda56d87e_GettyImages-600621772/i/Natalie-Portman-Venice-Film-Festival-September-2016.jpg
natalie-portman,http://gaia.adage.com/images/bin/imgstore/work/full/c/h/r/ChristianDior_MissDiorThenewEaudeParfum17.jpg
natalie-portman,http://images.fanpop.com/images/image_uploads/Natalie-Portman-natalie-portman-409392_300_499.jpg
natalie-portman,https://img.huffingtonpost.com/asset/5a84796c1e00002c007abb68.jpeg?ops=1910_1000
natalie-portman,https://www.thefamouspeople.com/profiles/images/natalie-portman-2.jpg
natalie-portman,http://cdn-img.instyle.com/sites/default/files/images/2018/02/022818-natalie-portman-lead.jpg
natalie-portman,https://metrouk2.files.wordpress.com/2017/11/876464874-e1511252680964.jpg
natalie-portman,http://photos.laineygossip.com/articles/natalie-portman-annihilation-127sept17-01.jpg
natalie-portman,https://pixel.nymag.com/imgs/daily/vulture/2018/01/05/05-natalie-portman-chatroom.w1200.h630.jpg
natalie-portman,http://i.dailymail.co.uk/i/pix/2018/02/05/18/48E8098800000578-0-_It_was_unacceptable_manipulative_and_I_was_scared_Natalie_Portm-a-2_1517856408784.jpg
natalie-portman,https://vg-images.condecdn.net/image/GkYVl9o2wgX/crop/405/f/Dior-Natalie-Portman-Vogue-25Aug16-pr_b.jpg
natalie-portman,http://www.gotceleb.com/wp-content/uploads/photos/natalie-portman/in-jeans-shorts-out-in-la/Natalie-Portman-in-Jeans-Shorts--02-662x993.jpg
natalie-portman,https://scstylecaster.files.wordpress.com/2012/02/102477_12862045031.jpg
natalie-portman,https://www.nbc.com/the-tonight-show/content/sites/nbcutsjf/files/images/2018/02/03/_episode_thumbnail.jpg
natalie-portman,https://pmcvariety.files.wordpress.com/2016/09/natalie-portman-lily-rose-depp.jpg?w=700&h=393&crop=1
natalie-portman,http://cdn02.cdn.justjared.com/wp-content/uploads/headlines/2018/02/natalie-portman-ellen-show.jpg
natalie-portman,https://pixel.nymag.com/imgs/fashion/daily/2017/08/28/natalie-portman/dior-beauty-7.nocrop.w710.h2147483647.jpg
natalie-portman,https://o.aolcdn.com/images/dims3/GLOB/legacy_thumbnail/630x315/format/jpg/quality/85/http%3A%2F%2Fi.huffpost.com%2Fgen%2F1460668%2Fimages%2Fn-NATALIE-PORTMAN-628x314.jpg
natalie-portman,https://i.ytimg.com/vi/8gJn_SnFooI/maxresdefault.jpg
natalie-portman,https://marriedbiography.com/wp-content/uploads/2017/03/Natalie-Portman.jpg
natalie-portman,https://imagesvc.timeincapp.com/v3/mm/image?url=https%3A%2F%2Fpeopledotcom.files.wordpress.com%2F2017%2F02%2Fnatalie-portman5.jpg%3Fw%3D450&w=700&q=85
natalie-portman,https://www.kveller.com/wp-content/uploads/2018/01/Screen-Shot-2018-01-08-at-10.20.19-AM.png
natalie-portman,https://pics.wikifeet.com/Natalie-Portman-Feet-3113329.jpg
natalie-portman,https://pmcfootwearnews.files.wordpress.com/2017/01/natalie-portman-red-carpet-style-18.jpg?w=683&h=1023
natalie-portman,https://s.yimg.com/ny/api/res/1.2/X926ueuzDqGeJBUAN81ogQ--/YXBwaWQ9aGlnaGxhbmRlcjtzbT0xO3c9ODAw/http://media.zenfs.com/en/homerun/feed_manager_auto_publish_494/b2ca6d850cbc837f7d03ed37d0c5cbf9
natalie-portman,http://cdn.skim.gs/image/upload/v1456338909/msi/natalie-portman-loose-wavy-hairstyle_soo8iv.jpg
natalie-portman,https://media.wmagazine.com/photos/5852a2cdd3b7a5db18f377c7/2:3/w_640/FINAL_NATALIE_PORTMAN.jpg
natalie-portman,https://cdn.gobankingrates.com/wp-content/uploads/2015/01/rsz_natalie_portman_wallet3.jpg
natalie-portman,http://celebmafia.com/wp-content/uploads/2017/04/natalie-portman-imagen-magazine-april-2017-issue-1.jpg
natalie-portman,http://tribupedia.com/wp-content/uploads/2016/12/Natalie-Portman-The-Professional-1994-700x329.jpg
natalie-portman,http://www.indiewire.com/wp-content/uploads/2018/02/9376223aq.jpg?w=780
natalie-portman,https://upload.wikimedia.org/wikipedia/commons/thumb/e/e7/Natalie_Portman_at_Columbia_University.jpg/220px-Natalie_Portman_at_Columbia_University.jpg
natalie-portman,https://media1.s-nbcnews.com/j/MSNBC/Components/Video/201801/x_tdy_natalie_portman_globes_180108.today-vid-canonical-featured-desktop.jpg
natalie-portman,http://img.wennermedia.com/social/gettyimages-858810544-1be6695c-8b07-4dc8-b1b2-08aad4f3118e.jpg
natalie-portman,https://media.fromthegrapevine.com/assets/images/2017/3/portman-hepburn.jpg.839x0_q71_crop-scale.jpg
natalie-portman,http://img.etonline.com/1242911076001/201701/2738/1242911076001_5304332396001_et-natalieportman-013017-hulu.jpg?pubId=1242911076001
natalie-portman,https://static.timesofisrael.com/www/uploads/2017/11/Natalie-Portman-Cannes.jpg
natalie-portman,https://vignette.wikia.nocookie.net/disney/images/8/8e/Natalie-portman-christian-dior-fashion-show-in-paris-january-2015_1.jpg/revision/latest?cb=20151018223633
natalie-portman,http://vulturefestival.com/la/wp-content/uploads/sites/7/2017/10/17_VFLA_LEDE_NataliePortman.jpg
natalie-portman,https://www.natalieportman.com/wp-content/uploads/2016/03/potw2.jpg
natalie-portman,https://s3.amazonaws.com/assets.forward.com/images/cropped/natalie-portman-1519166149.jpg
natalie-portman,http://ksassets.timeincuk.net/wp/uploads/sites/55/2018/02/Millie-Bobby-Brown-Natalie-Portman-920x584.jpg
natalie-portman,https://pre00.deviantart.net/7b1e/th/pre/i/2014/180/7/1/natalie_portman___keira_knightley_by_thatnordicguy-d7og2jx.jpg
natalie-portman,https://nyppagesix.files.wordpress.com/2017/06/gettyimages-634092966.jpg?quality=90&strip=all&w=618&h=410&crop=1
natalie-portman,http://www.bravotv.com/sites/nbcubravotv/files/field_blog_image/2017/10/jet-set-natalie-portman.jpg
natalie-portman,https://specials-images.forbesimg.com/imageserve/b7a407d267eda7553737d490c05e1905/416x416.jpg?fit=scale&background=000000
natalie-portman,https://www.thesun.co.uk/wp-content/uploads/2017/07/af-composite-natalie-portman.jpg?strip=all&quality=100&w=750&h=500&crop=1
natalie-portman,https://timedotcom.files.wordpress.com/2018/01/gettyimages-903518242.jpg
natalie-portman,https://www.usmagazine.com/wp-content/uploads/natalie-portman-zoom-0f3d0acd-49c4-4d6d-ae9b-8cd051481246.jpg
natalie-portman,"https://images.complex.com/complex/images/c_limit,w_680/fl_lossy,pg_1,q_auto/banrefagfjmrw2q2l0qk/natalie-portman"
natalie-portman,https://i.imgur.com/lG0CANQ.jpg
natalie-portman,"https://media.glamour.com/photos/5a85952741dbc120f6ef6963/master/w_644,c_limit/natalie-portman.jpg"
natalie-portman,http://thefilmstage.com/wp-content/uploads/2016/02/Natalie-Portman-620x413.jpg
natalie-portman,https://scstylecaster.files.wordpress.com/2017/08/natalie-portman-2017-feat.jpg
natalie-portman,https://s-i.huffpost.com/gen/2923876/images/o-NATALIE-PORTMAN-facebook.jpg
natalie-portman,https://nerdist.com/wp-content/uploads/2018/02/Natalie-Portman-Rap-Featured-020418.jpg
natalie-portman,http://www.celebplasticsurgeryonline.com/wp-content/uploads/2016/11/Natalie-Portman-plastic-surgery-featured-800x429.jpg
natalie-portman,http://www.latimes.com/resizer/SoUeNARa3AyvlOzufOyitrA2GDE=/1400x0/arc-anglerfish-arc2-prod-tronc.s3.amazonaws.com/public/PJVFKEZRMZDIHA7JO5TPXEMFGA.jpg
natalie-portman,https://filmgoblin.com/wp-content/uploads/2018/01/Natalie-Portman-bientot-a-l-affiche-d-une-serie-sur-HBO_width1024.jpg
natalie-portman,https://static.independent.co.uk/s3fs-public/thumbnails/image/2018/01/08/03/natalie-portman-golden-globes.jpg
natalie-portman,http://assets.nydailynews.com/polopoly_fs/1.1189594.1351048581!/img/httpImage/image.jpg_gen/derivatives/gallery_1200/exclusive-natalie-portman-brings-sexy-set-untilted-terrence-malick-project.jpg
natalie-portman,http://image.boomsbeat.com/data/images/full/178470/51088227-jpg.jpg
natalie-portman,http://www.vanyaland.com/wp-content/uploads/2017/01/NataliePortman.jpg
natalie-portman,http://www.hawtcelebs.com/wp-content/uploads/2018/02/natalie-portman-for-diorskin-forever-undercover-2018-campaign-5_thumbnail.jpg
natalie-portman,http://www.totpi.com/wp-content/uploads/2015/05/020212122.jpg
natalie-portman,https://gq-images.condecdn.net/image/egb9j2aGwZA/crop/405/landscape/f/Closer-03-GQ_5Sep16_rex_b.jpg
natalie-portman,http://i.imgur.com/TEC5nri.jpg
natalie-portman,https://www.telegraph.co.uk/content/dam/beauty/2017/01/09/NataliePortman_trans_NvBQzQNjv4BqPz1Au0xu7uY-fOjJM1c0CjiFsRuzN9SR9BPCVdt6f8Y.jpg?imwidth=450
natalie-portman,"http://akns-images.eonline.com/eol_images/Entire_Site/2017730/rs_600x600-170830111443-600-natalie-portman-dior-headshot.jpg?fit=around|300:300&crop=300:300;center,top&output-quality=100"
natalie-portman,http://i.dailymail.co.uk/i/pix/2017/08/27/11/439AEB9300000578-0-image-a-58_1503829692657.jpg
natalie-portman,http://cyprus-mail.com/wp-content/uploads/2018/02/Natalie-Portman-770x537.jpg
natalie-portman,https://static01.nyt.com/images/2016/07/11/t-magazine/portman-slide-UAEP/portman-slide-UAEP-blog427.jpg
natalie-portman,https://imagesvc.timeincapp.com/v3/mm/image?url=https%3A%2F%2Fimages.hellogiggles.com%2Fuploads%2F2018%2F02%2F12045103%2Fportman.jpg&w=700&q=85
natalie-portman,http://films7.com/img/notes/Natalie-Portman_film_pub_perfume_Dior_Miss-Dior_2017_0015.jpg
natalie-portman,https://typeset-beta.imgix.net/uploads/image/2017/10/31/f17d31ab-faf0-455e-9dfb-41067b883eff-portmanthor2slap.jpg?w=748&h=448&fit=crop&crop=faces&auto=format&q=70
natalie-portman,http://www4.pictures.zimbio.com/bg/Natalie+Portman+v_12wkun6Num.jpg
natalie-portman,https://www.gannett-cdn.com/-mm-/235dbc8da9b1021f37c4a3baa17ad4d17730589e/c=108-0-3641-4710&r=537&c=0-0-534-712/local/-/media/2016/11/29/USATODAY/USATODAY/636160283480080493-XXX-NATALIE-PORTMAN-RD527-87054616.JPG
natalie-portman,http://digitalspyuk.cdnds.net/17/20/980x490/landscape-1495202253-natalie-portman.jpg
natalie-portman,https://www.theplace2.ru/archive/natalie_portman/img/17(52).jpg
natalie-portman,https://www.gannett-cdn.com/-mm-/d62abe030d5d78b6954e4778c186aed6fc05f983/c=362-0-4244-2919&r=x404&c=534x401/local/-/media/2017/11/07/USATODAY/USATODAY/636456405755461387-AP-ISRAEL-PEOPLE-PORTMAN-95148629.JPG
natalie-portman,https://static.timesofisrael.com/www/uploads/2013/10/MAN-18279-e1380872843618.jpg
natalie-portman,http://www.humansofjudaism.com/wp-content/uploads/2016/08/Natalie-Portman-israel.jpg
natalie-portman,http://stmedia.startribune.com/images/ows_151932251599986.jpg
natalie-portman,"https://hips.hearstapps.com/harpersbazaaruk.cdnds.net/17/34/1503826865-natalie-portman-dior.jpg?crop=1.0xw:1xh;center,top&resize=480:*"
natalie-portman,http://www.gotceleb.com/wp-content/uploads/photos/natalie-portman/diorskin-forever-undercover-campaign-2018/Natalie-Portman:-Diorskin-Forever-Undercover-Campaign-2018--03-662x993.jpg
natalie-portman,https://static.standard.co.uk/s3fs-public/thumbnails/image/2018/01/21/09/natalieportman-0.jpg?w968h681
natalie-portman,https://i.ytimg.com/vi/BYvUm1YJBSs/maxresdefault.jpg
natalie-portman,https://peopledotcom.files.wordpress.com/2017/09/natalie-portman6.jpg
natalie-portman,http://www.starstyle.com/wp-content/uploads/natalie-portman/310726.jpg
natalie-portman,http://cdn-img.instyle.com/sites/default/files/styles/320x384/public/images/2018/01/010718-natalie-portman-golden-globes-lead.jpg?itok=JWroG4zI
natalie-portman,https://static1.squarespace.com/static/538f289ee4b0ee46dfd87035/t/587808a63e00be246e9b66a7/1484261554865/Natalie%2BPortman%2BUpdos%2BClassic%2BBun%2BeD7WK48_R_9l.png
natalie-portman,https://pmcdeadline2.files.wordpress.com/2018/01/natalie-portman.jpg?w=446&h=299&crop=1
natalie-portman,https://media.allure.com/photos/5872de17c99756b5717caf09/3:4/w_767/GettyImages-631243288.jpg
natalie-portman,https://cdn1.thr.com/sites/default/files/imagecache/landscape_928x523/2018/01/natalie_portman.jpg
natalie-portman,https://media.fromthegrapevine.com/assets/images/2015/4/Natalie-Portman-Keira-Knightley-1.jpg.839x0_q71_crop-scale.jpg
natalie-portman,https://static01.nyt.com/images/2013/10/18/movies/video-thor-the-dark-world-natalie-portman-on-reprising-the-role-of-jan/video-thor-the-dark-world-natalie-portman-on-reprising-the-role-of-jan-superJumbo.jpg
natalie-portman,https://i0.wp.com/www.usmagazine.com/wp-content/uploads/2018/02/natalie-portman.jpg?crop=62px%2C0px%2C1648px%2C865px&resize=1200%2C630&ssl=1
natalie-portman,https://beautyeditor.ca/.image/ar_16:9%2Cc_fill%2Ccs_srgb%2Cg_faces:center%2Cq_80%2Cw_620/MTIzMDQ5NjY0NjQ1NzkzMjky/natalie-portman-blonde-hair.jpg
natalie-portman,https://vignette.wikia.nocookie.net/starwars/images/f/fe/Padme_promo.jpg/revision/latest?cb=20090521143420
natalie-portman,https://nyppagesix.files.wordpress.com/2017/01/natalie-portman.jpg?quality=90&strip=all
natalie-portman,https://upload.wikimedia.org/wikipedia/commons/thumb/5/54/Natalie_Portman_at_TIFF_2009.jpg/200px-Natalie_Portman_at_TIFF_2009.jpg
natalie-portman,https://cdn.cnn.com/cnnnext/dam/assets/170106132948-creators-natalie-portman-full-169.jpg
natalie-portman,https://pbs.twimg.com/media/DTyzKbQXkAIhJwF.jpg
natalie-portman,http://2.bp.blogspot.com/_i_qv8AmFaa8/TFIago_73eI/AAAAAAAAAIM/ES42YrPI9XI/s1600/natalie-portman-20070806-295023.jpg
natalie-portman,https://upload.wikimedia.org/wikipedia/commons/thumb/b/be/Natalie_Portman_Cannes_2015_%28cropped%29.jpg/220px-Natalie_Portman_Cannes_2015_%28cropped%29.jpg
natalie-portman,https://media.fromthegrapevine.com/assets/images/2015/1/natalie_portman3.jpg.482x490_q71_crop-smart.jpg
natalie-portman,http://media.zhiboxs.com/wp-content/uploads/2016/07/Natalie-Portman-for-Miss-Dior-Rouge-Dior-Campaign.jpg
natalie-portman,"https://media.glamour.com/photos/5a6226dda52a8c2d7bd3a1bc/master/w_644,c_limit/millie-bobby-brown-looks-like-natalie-portman-social-lead.jpg"
natalie-portman,http://cdn02.cdn.justjared.com/wp-content/uploads/headlines/2018/01/natalie-portman-joins-instagram.jpg
natalie-portman,https://www.goldenglobes.com/sites/default/files/styles/portrait_thumbnail/public/nomination/cover_images/natalie_portman_1-gg_2005.jpg?itok=Ax7I1M9M
natalie-portman,https://hips.hearstapps.com/ell.h-cdn.co/assets/cm/14/52/549e817d27975_-_natalie-portman-s-hairstyles-lg.jpg
natalie-portman,https://pixel.nymag.com/imgs/daily/vulture/2018/02/14/14-natalie-portman.w600.h315.2x.jpg
natalie-portman,https://www.dior.com/beauty/version-5.1432748111912/resize-image/cms/0/0/90/0/pj%252F4b%252F3d%252Fc2%252Fcd%252Fmissdior_coulisses-videocv3295197319202699674.jpg
natalie-portman,http://cdn-img.instyle.com/sites/default/files/styles/622x350/public/1473271139/090716-natalie-portman-lead.jpg?itok=XHn3p3IQ
natalie-portman,https://pmcvariety.files.wordpress.com/2018/01/natalie-portman-pale-blue-dot.jpg?w=1000&h=563&crop=1
natalie-portman,https://www.biography.com/.image/c_fit%2Ccs_srgb%2Ch_406%2Cq_50%2Cw_620/MTE4MDAzNDEwNzU2ODYzNTAy/natalie-portman-9542326-3-raw.jpg
natalie-portman,https://fortunedotcom.files.wordpress.com/2016/07/gettyimages-473729036.jpg
natalie-portman,https://www.jta.org/wp-content/uploads/2017/11/GettyImages-591795504.jpg
natalie-portman,https://pmctvline2.files.wordpress.com/2018/01/natalie-portman-snl.jpg?w=620
natalie-portman,https://media.allure.com/photos/577185732554df47220a3155/master/pass/beauty-trends-blogs-daily-beauty-reporter-natalie-portman-dior-cherie.jpg
natalie-portman,https://image-album.com/wp-content/uploads/2016/09/natalie-portman-2302x3000-49.jpg
natalie-portman,http://www.dw.com/image/39388866_303.jpg
natalie-portman,http://www.fullhdwpp.com/wp-content/uploads/Natalie-Portman-Black-Tie_www.FullHDWpp.com_.jpg
natalie-portman,http://elleuk.cdnds.net/15/37/980x1306/980x1306-leuk-com-gallery-23244-natalie-portman-backstage-taping-mtvs-total-request-live-march-2006-getty-jpg.jpg
natalie-portman,https://upload.wikimedia.org/wikipedia/commons/thumb/4/48/Natalie_Portman.jpg/220px-Natalie_Portman.jpg
natalie-portman,https://eonlinethumbs-a.akamaihd.net/images/743/79/lfrc_2017sags_portman_256847_560x315_865498179997.jpg
natalie-portman,https://amp.businessinsider.com/images/5a52ecb5ec1ade04511ed083-750-562.jpg
natalie-portman,https://consequenceofsound.files.wordpress.com/2018/02/screen-shot-2018-02-04-at-12-32-42-am.png?w=807
natalie-portman,https://www.theplace2.ru/archive/natalie_portman/img/Natalie_Portman_1300.jpg
natalie-portman,https://timedotcom.files.wordpress.com/2015/05/natalie-portman.jpg
natalie-portman,https://s.abcnews.com/images/US/natalie-portman-02-rex-jrl-180120_7x8_992.jpg
natalie-portman,https://cdn.pastemagazine.com/www/articles/NataliePortman_JerodHarris_main.jpg
natalie-portman,https://media.vanityfair.com/photos/57ab38f921b609ea061cef8c/master/pass/t-natalie-portman-jason-bell-september-2016.jpg
natalie-portman,http://photos.laineygossip.com/articles/natalie-portman-globes-08jan18-01.jpg
natalie-portman,https://cdn10.phillymag.com/wp-content/uploads/2016/10/natalie-portman-evan-agostini-invision-ap-940x540.jpg
natalie-portman,http://static.tvtropes.org/pmwiki/pub/images/natalie-portman-shoes-te-casan.jpg
natalie-portman,http://media1.s-nbcnews.com/i/streams/2012/September/120924/1B3984139-g-ent-120924-portman-blonde.jpg
natalie-portman,http://i.f1g.fr/media/ext/1900x1900/madame.lefigaro.fr/sites/default/files/img/2017/08/natalie-portman-premiere-de-classe-photo-4.jpg
natalie-portman,https://cdn.newsday.com/polopoly_fs/1.16557613.1517926195!/httpImage/image.jpeg_gen/derivatives/landscape_768/image.jpeg
natalie-portman,http://cimg.tvgcdn.net/i/2018/01/22/3a9926d8-8b06-43a1-a5c2-c3a544cb7282/98e39a3164f00b777928e959d98722b1/180122-natalieportman.jpg
natalie-portman,https://hairstyles.thehairstyler.com/hairstyle_views/right_view_images/11810/original/Natalie-Portman.jpg
natalie-portman,https://o.aolcdn.com/images/dims?crop=844%2C444%2C0%2C4&quality=85&format=jpg&resize=900%2C474&image_uri=http%3A%2F%2Fo.aolcdn.com%2Fhss%2Fstorage%2Fmidas%2F5cc7e040bb04adb67f6235b52a73a86a%2F206085788%2Fsnl-natalie-portman.jpg&client=a1acac3e1b3290917d92&signature=8c21730cc460eb5dda9eef30cba349745e376a99
natalie-portman,http://www.indiewire.com/wp-content/uploads/2017/05/screen-shot-2017-05-07-at-19-59-16.png?w=780
natalie-portman,https://cdn.movieweb.com/img.news.tops/NEFTrb876cruIG_1_b/Natalie-Portman-Golden-Globes-All-Male-Director-Nominees.jpg
natalie-portman,http://assets.nydailynews.com/polopoly_fs/1.3647141.1511222081!/img/httpImage/image.jpg_gen/derivatives/article_750/89th-academy-awards-nominees-luncheon-arrivals.jpg
natalie-portman,https://media.timeout.com/images/103486931/image.jpg
natalie-portman,https://media.gettyimages.com/photos/actress-natalie-portman-at-film-premiere-of-her-star-wars-episode-i-picture-id50718149
natalie-portman,http://www.jpost.com/HttpHandlers/ShowImage.ashx?id=285475&w=898&h=628
natalie-portman,http://cdn.timesofisrael.com/uploads/2017/11/Natalie-Portman.jpg
natalie-portman,https://www.dailywire.com/sites/default/files/styles/article_full/public/uploads/2018/01/portman.jpg?itok=G0jg08fh
natalie-portman,http://www.etonline.com/sites/default/files/styles/max_970x546/public/images/2018-01/natalie_portman_getty872724092.jpg?itok=nrnmB9gp&h=c673cd1c
natalie-portman,https://i1.wp.com/www.usmagazine.com/wp-content/uploads/natalie-portman-zoom-bb9fa9eb-6d58-45a9-996b-8e513d2ad1fd.jpg?crop=0px%2C0px%2C1384px%2C778px&resize=1600%2C900&ssl=1
natalie-portman,https://s3.amazonaws.com/assets.forward.com/images/cropped/natalieportman-1432057525.jpeg
natalie-portman,http://img2.timeinc.net/people/i/2016/cbb/blog/160905/natalie-portman-1-600x800.jpg
natalie-portman,http://www.whataboutclients.com/archives/natalie-portman.jpg
natalie-portman,https://media1.s-nbcnews.com/i/newscms/2017_35/1279232/natalie-portman-today-170830-tease_7fd9a7335d54744d00be1d0ab41d134d.jpg
natalie-portman,https://img.maximummedia.ie/joe_ie/eyJkYXRhIjoie1widXJsXCI6XCJodHRwOlxcXC9cXFwvbWVkaWEtam9lLm1heGltdW1tZWRpYS5pZS5zMy5hbWF6b25hd3MuY29tXFxcL3dwLWNvbnRlbnRcXFwvdXBsb2Fkc1xcXC8yMDE4XFxcLzAyXFxcLzA0MDg0MjI1XFxcL25hdGFsaWUtcG9ydG1hbi1yYXAtc25sLWZ0ci5qcGdcIixcIndpZHRoXCI6NzY3LFwiaGVpZ2h0XCI6NDMxLFwiZGVmYXVsdFwiOlwiaHR0cHM6XFxcL1xcXC93d3cuam9lLmllXFxcL2Fzc2V0c1xcXC9pbWFnZXNcXFwvam9lXFxcL25vLWltYWdlLnBuZz92PTVcIn0iLCJoYXNoIjoiNDEyZDYzMzYyOGU3OWEzMWI3YzJmMTJhMzZhMDIwMGM5OGQxNDc4YiJ9/natalie-portman-rap-snl-ftr.jpg
natalie-portman,https://media1.popsugar-assets.com/files/thumbor/8tQnCIRCHeta4E3v8fysl9-4n3I/fit-in/1024x1024/filters:format_auto-!!-:strip_icc-!!-/2018/01/07/080/n/1922153/b9f434c31606714e_GettyImages-902348572/i/Natalie-Portman.jpg
natalie-portman,https://d2z1w4aiblvrwu.cloudfront.net/ad/wSJd/miss-dior-love-featuring-natalie-portman-song-by-sia-large-6.jpg
natalie-portman,http://images2.onionstatic.com/clickhole/3727/0/16x9/800.jpg
natalie-portman,https://www.gannett-cdn.com/-mm-/b1f2f57c83d175689accd1c879aeb9cff6ac524c/c=151-0-3363-4282&r=295&c=0-0-292-390/local/-/media/2016/11/30/USATODAY/USATODAY/636161140444913885-XXX-NATALIE-PORTMAN-RD516-87054568.JPG
natalie-portman,https://i.pinimg.com/736x/3a/22/57/3a22575b12df4ce1f6918039f660c851--simple-updo-natalie-portman.jpg
natalie-portman,https://hairstyles.thehairstyler.com/hairstyle_views/left_view_images/11810/original/Natalie-Portman.jpg
natalie-portman,"https://res.cloudinary.com/jpress/image/fetch/w_700,f_auto,ar_3:2,q_auto:low,c_fill/https://www.scotsman.com/webimage/1.4338936.1484316222!/image/image.jpg"
natalie-portman,http://heightandweights.com/wp-content/uploads/2014/10/Natalie-Portman-Face.jpg
natalie-portman,https://vg-images.condecdn.net/image/YrqPaqM4eGw/crop/405/f/natalie-portman-vogue-5jan16-getty_b.jpg
natalie-portman,https://i.guim.co.uk/img/media/cbc5846900261bcab4150da9503c51e8909965cb/841_0_4712_2828/master/4712.jpg?w=300&q=55&auto=format&usm=12&fit=max&s=dc8e3494b476ead95b12a52a51971dd6
natalie-portman,https://i.amz.mshcdn.com/GmdBU0KzjmOeoWUvGjBxbn7eGvs=/950x534/filters:quality(90)/https%3A%2F%2Fblueprint-api-production.s3.amazonaws.com%2Fuploads%2Fcard%2Fimage%2F718252%2F3cb805a4-8800-42f4-b523-66c32df9079e.jpg
natalie-portman,http://cdn02.cdn.justjared.com/wp-content/uploads/headlines/2018/01/natalie-portman-snl-feb-3-new.jpg
natalie-portman,http://www.short-haircut.com/wp-content/uploads/2016/11/Pixie-Cut-Natalie-Portman.jpg
natalie-portman,https://i.ndtvimg.com/i/2018-01/natalie-portman-golden-globes_650x400_51515417743.jpg
natalie-portman,https://fashion.hellomagazine.com/imagenes/fashion-news/201710137438/natalie-portman-statement-earrings/0-53-484/natalie-portman-earrings-t.jpg
natalie-portman,http://www.altfg.com/film/wp-content/uploads/images/2011/02/black-swan-natalie-portman-ballerina.jpg
natalie-portman,https://image-album.com/wp-content/uploads/2016/09/natalie-portman-4256x2832-42.jpg
natalie-portman,https://upload.wikimedia.org/wikipedia/commons/thumb/e/e9/Natalie_Portman_in_2005.jpg/220px-Natalie_Portman_in_2005.jpg
natalie-portman,https://resizing.flixster.com/7E7kSIGYeFgNlj8htH2MLNlQ1fM=/300x300/v1.cjs0NTYyO2o7MTc2NDA7MTIwMDszNzY7NjAw
natalie-portman,http://dlisted.com/wp-content/uploads/2016/08/spl1334096_002-copy.jpg
natalie-portman,https://www.foodsforbetterhealth.com/wp-content/uploads/2016/08/Gonzalez_natalie3_110816-750x400.jpg
natalie-portman,http://photos.laineygossip.com/articles/natalie-portman-annihilation-06feb18-01.jpg
natalie-portman,https://livekindlyproduction-8u6efaq1lwo6x9a.stackpathdns.com/wp-content/uploads/2017/08/natalie-1280x640.jpg
natalie-portman,http://cdn-img.instyle.com/sites/default/files/styles/684xflex/public/images/2018/02/natalie_portman.jpg?itok=QYDmlcqG
natalie-portman,https://static.parade.com/wp-content/uploads/2017/09/IMG_1475.jpg
natalie-portman,https://cdn1.thr.com/sites/default/files/2016/11/natalie_portman_2.jpg
natalie-portman,"http://dwgyu36up6iuz.cloudfront.net/heru80fdn/image/upload/c_fill,d_placeholder_thescene.jpg,fl_progressive,g_face,h_450,q_80,w_800/v1486151434/vanityfair_secret-talent-theatre-natalie-portman-teaches-you-hebrew-slang.jpg"
natalie-portman,https://www.unilad.co.uk/wp-content/uploads/2018/01/natalie-portman-leon-the-professional-teddy.jpg
natalie-portman,https://cdn.flickeringmyth.com/wp-content/uploads/2017/08/natalie-portman-2.jpg
natalie-portman,http://www.fashiongonerogue.com/wp-content/uploads/2016/01/Natalie-Portman-DiorSkin-Forever-Makeup-Ad.jpg
natalie-portman,https://cdn.vox-cdn.com/thumbor/9ynG6CzoRhiFOE6H1dO9fJF9VCA=/0x0:3000x1997/1200x800/filters:focal(1107x738:1587x1218)/cdn.vox-cdn.com/uploads/chorus_image/image/50118955/507131920.0.jpg
natalie-portman,https://www.thewrap.com/wp-content/uploads/2016/12/Natalie-Portman-3.jpg
natalie-portman,https://cdn.someecards.com/posts/natalie-portman-viral-rap-snl-kM1.png
natalie-portman,https://pixel.nymag.com/imgs/daily/vulture/2018/01/05/05-natalie-portman-chatroom-silo.w245.h368.png
natalie-portman,https://pmcvariety.files.wordpress.com/2015/05/natalie-portman-annihilation.jpg?w=1000&h=563&crop=1
natalie-portman,https://images.britcdn.com/wp-content/uploads/2017/09/natalie-portman.jpg
natalie-portman,https://amp.thisisinsider.com/images/5a1458e47592a526178b45a7-750-563.jpg
natalie-portman,https://en.vogue.fr/uploads/images/thumbs/201705/bd/mood_jpg_2580_jpeg_8854.jpeg_north_499x_white.jpg
natalie-portman,https://static.stereogum.com/uploads/2018/02/natalieportman-1517760694-640x336.png
natalie-portman,https://www.natalieportman.com/wp-content/uploads/2018/03/flip_b.jpg
natalie-portman,https://www.beautycrew.com.au/media/1657/natalie-portman-natural-makeup3.jpg
natalie-portman,http://www.bestcelebrityhairstyles.com/wp-content/uploads/2011/07/Natalie-Portman-bald.jpg
natalie-portman,https://heroichollywood.b-cdn.net/wp-content/uploads/2016/08/Natalie-Portman-Thor-e1471459610990.jpg?x42694
natalie-portman,https://media1.popsugar-assets.com/files/thumbor/GoIS6lBXe9naLQwUaoF1kTbjU10/fit-in/1024x1024/filters:format_auto-!!-:strip_icc-!!-/2012/10/41/3/192/1922398/3756a0d7c5b63934_FFN-Portman_N_EXC_FF2_100912-EXC-50911527/i/Natalie-Portman-wore-denim-miniskirt-pink-shirt-set-Texas.jpg
natalie-portman,http://akns-images.eonline.com/eol_images/Entire_Site/201825/rs_634x1024-180305161055-634.natalie-portman-vox-lux.ct.030518.jpg
natalie-portman,https://pics.me.me/natalie-portman-24517334.png
natalie-portman,https://media.wmagazine.com/photos/5a4ce401f46871653c88dc08/16:9/pass/natalie-portman-instagram.png
natalie-portman,https://s2.r29static.com//bin/entry/0cb/340x408/1841779/image.png
natalie-portman,https://lovelace-media.imgix.net/getty/462991366.jpg
natalie-portman,"https://media.vanityfair.com/photos/5a8dac2e5c509c53ae7923be/master/w_768,c_limit/Portman-Polanski.jpg"
natalie-portman,http://ksassets.timeincuk.net/wp/uploads/sites/55/2017/11/Natalie-Portman-GettyImages-859880876-920x584.jpg
natalie-portman,http://www.konbini.com/us/files/2018/02/natalie-portman-rap-e1517829263713.jpg
natalie-portman,https://setinparis.com/wp-content/uploads/2016/04/882297_712983098729630_18618735_o.jpg
natalie-portman,http://wisetoast.com/wp-content/uploads/2015/10/Natalie-Portman-Net-Worth.jpg
natalie-portman,http://cdn2.stylecraze.com/wp-content/uploads/2013/03/natalie-portman-no-strings-attached.jpg
natalie-portman,https://scstylecaster.files.wordpress.com/2018/01/millie-bobby-brown.jpg
natalie-portman,https://www.biography.com/.image/t_share/MTQ1MjUwMDcxOTgwNTQ5NjAx/natalie-portman---mini-biography.jpg
natalie-portman,https://vignette.wikia.nocookie.net/marvelmovies/images/4/48/Natalie_Portman.jpg/revision/latest?cb=20170503192420
natalie-portman,"https://images.complex.com/complex/images/c_limit,w_680/fl_lossy,pg_1,q_auto/eje94vfffk9hwnxhjfnj/natalie-portman"
natalie-portman,https://static.independent.co.uk/s3fs-public/styles/article_small/public/thumbnails/image/2018/02/04/16/natalie-portman.jpg
natalie-portman,https://i.pinimg.com/736x/d3/6f/6c/d36f6c845589ef4e7ddf91842220e016--dior-makeup-dior-beauty.jpg
natalie-portman,https://images.hellogiggles.com/uploads/2016/03/25050843/natalie-portman.jpg
natalie-portman,https://img00.deviantart.net/c84a/i/2012/072/a/8/natalie_portman_by_sergeant_small-d4s3hpy.jpg
natalie-portman,https://cdn-images-1.medium.com/max/2000/1*bmYIDaGSTfTzNLCvVCsApg.jpeg
natalie-portman,http://celebmafia.com/wp-content/uploads/2018/02/natalie-portman-porter-spring-2018-13.jpg
natalie-portman,http://www.lespressesdureel.com/images/princeEdition.jpg
natalie-portman,https://fm.cnbc.com/applications/cnbc.com/resources/img/editorial/2017/01/12/104214586-GettyImages-473708798.530x298.jpg?v=1484229021
natalie-portman,https://media.gettyimages.com/photos/actress-natalie-portman-poses-for-a-portrait-at-the-31st-annual-picture-id874233386?s=612x612
natalie-portman,https://www.kveller.com/wp-content/uploads/2017/11/Screen-Shot-2017-11-08-at-3.16.59-PM-1200x927.png
natalie-portman,https://www.dior.com/beauty/version-5.1432748111912/resize-image/cms/0/0/90/0/pj%252Faf%252Ffe%252Fd6%252F5e%252Fmd_wb_cover6593944682240839762.jpg
natalie-portman,http://www2.pictures.zimbio.com/mp/ExFfPUG-FfTl.jpg
natalie-portman,https://gal.img.pmdstatic.net/fit/https.3A.2F.2Fphoto.2Egala.2Efr.2Fupload.2Fslideshow.2Fnatalie-portman-en-dix-roles-2543.2Fnatalie-portman-closer-38604.2Ejpg/866x600/quality/65/le-charme-de-natalie-portman-dans-closer-entre-adultes-consentants.jpg
natalie-portman,https://i.amz.mshcdn.com/mZWuY8WsSVuon5YjnJPqnNe9upY=/950x534/filters:quality(90)/https%3A%2F%2Fblueprint-api-production.s3.amazonaws.com%2Fuploads%2Fcard%2Fimage%2F691994%2F5c19bf31-3e09-4667-bdf6-73850a03f1c0.jpg
natalie-portman,https://revengeofthefans.com/wp-content/uploads/2018/02/1-TPl-4zQeuZhnCoxvAAi1gg.jpeg
natalie-portman,https://d919ce141ef35c47fc40-b9166a60eccf0f83d2d9c63fa65b9129.ssl.cf5.rackcdn.com/images/133812.max-620x600.jpg
natalie-portman,https://nextshark-vxdsockgvw3ki.stackpathdns.com/wp-content/uploads/2017/09/Natalie-Portman.jpg
natalie-portman,https://pmcdeadline2.files.wordpress.com/2014/11/natalie-portman-36.jpg?w=446&h=299&crop=1
natalie-portman,http://www.latimes.com/resizer/VK8pSbt7tCJ-4QdX3D1Px_0epxc=/1200x0/www.trbimg.com/img-588a1220/turbine/la-en-mn-natalie-portman-jackie-oscars-20170126
natalie-portman,https://vg-images.condecdn.net/image/MKYQ1gX3Omp/crop/405/portrait
natalie-portman,http://2.bp.blogspot.com/-F9drySl7BjQ/VU-azl3ycCI/AAAAAAAABbg/UjqUReCb3OU/s1600/natalie-portman--a.jpg
natalie-portman,https://cdn.images.express.co.uk/img/dynamic/36/590x/secondary/Natalie-Portman-Jackie-Kennedy-biopic-John-F-Kennedy-Lee-Harvey-Oswald-780791.jpg
natalie-portman,https://i.ytimg.com/vi/K7ROXwtbrSg/maxresdefault.jpg
natalie-portman,https://pixel.nymag.com/imgs/fashion/daily/2017/08/28/natalie-portman/dior-beauty-1.nocrop.w710.h2147483647.jpg
natalie-portman,http://image.boomsbeat.com/data/images/full/178469/50923566-jpg.jpg
natalie-portman,https://typeset-beta.imgix.net/elite-daily/2017/05/07202951/millie-bobby-brown-mtv-tv-movie.jpg?w=748&h=448&fit=crop&crop=faces&auto=format&q=70
natalie-portman,http://www.iknowtoday.com/wp-content/uploads/2014/12/21.jpg
natalie-portman,https://pixel.nymag.com/imgs/daily/vulture/2018/01/22/22-natalie-portman.w190.h190.jpg
natalie-portman,http://films7.com/img/notes/Natalie-Portman_film_pub_perfume_Dior_Miss-Dior_2017_0037.jpg
natalie-portman,http://olivier.sabot.free.fr/Photos/PhotosGif/np/np17.jpg
natalie-portman,http://fr.web.img6.acsta.net/pictures/15/05/19/12/07/182035.jpg
natalie-portman,http://www.jpost.com/HttpHandlers/ShowImage.ashx?id=367789
natalie-portman,http://www.indiewire.com/wp-content/uploads/2016/10/shutterstock_6279327bn.jpg?w=780
natalie-portman,https://upload.wikimedia.org/wikipedia/commons/0/0a/Natalie_Portman_Berlin_2015_3_%28cropped%29.jpg
natalie-portman,"https://img.thedailybeast.com/image/upload/c_crop,d_placeholder_euli9k,h_1439,w_2560,x_0,y_0/dpr_2.0/c_limit,w_740/fl_lossy,q_auto/v1492110379/articles/2016/08/21/natalie-portman-on-israel-and-palestine-two-children-of-the-same-abusive-father/160820-Yamato-Natalie-Portman-tease_ktdkle"
natalie-portman,https://www.hollywoodreporter.com/sites/default/files/custom/Meena/Portman_Embed_Bottom.jpg
natalie-portman,https://www.goldenglobes.com/sites/default/files/styles/portrait_thumbnail/public/nomination/cover_images/natalie-portman.jpg?itok=lFi6oC41
natalie-portman,https://vignette.wikia.nocookie.net/starwars/images/d/da/Natalie.jpg/revision/latest?cb=20071030163317
natalie-portman,http://cdn02.cdn.justjared.com/wp-content/uploads/headlines/2018/02/natalie-portman-brings-jckie-kennedy-back-to-the-white-house-on-snl.jpg
natalie-portman,https://cdn.acidcow.com/pics/20171207/natalie_portman_02.gif
natalie-portman,https://www.cheatsheet.com/wp-content/uploads/2015/12/Natalie-Portman-in-Closer-640x360.jpg?x23912
natalie-portman,http://i.f1g.fr/media/ext/1900x1900/madame.lefigaro.fr/sites/default/files/img/2018/01/natalie-portman-lors-de-son-discours-a-la-womens-march.jpg
natalie-portman,https://d.ibtimes.co.uk/en/full/1437399/natalie-portman.jpg
natalie-portman,https://screenrant.com/wp-content/uploads/2016/08/thor-ragnarok-natalie-portman-jane-foster.jpg
natalie-portman,http://heightandweights.com/wp-content/uploads/2014/10/Natalie-Portman-Bra-size.jpg
natalie-portman,https://static1.squarespace.com/static/538f289ee4b0ee46dfd87035/t/587808acd482e9e6510e4f1b/1484261578205/natalie-portman-jewelry-style-academy-awards.png
natalie-portman,https://nyppagesix.files.wordpress.com/2018/02/gettyimages-876464894.jpg?quality=90&strip=all&w=618&h=410&crop=1
natalie-portman,https://tribzap2it.files.wordpress.com/2015/09/sam-natalie-portman-garden-state.jpg
natalie-portman,https://i.guim.co.uk/img/static/sys-images/Guardian/Pix/pictures/2015/5/22/1432304657922/Natalie-Portman-at-the-Ca-009.jpg?w=300&q=55&auto=format&usm=12&fit=max&s=6c70a91f2f6ce13a56fde61b28bdfaee
natalie-portman,https://cdn.vox-cdn.com/thumbor/gR0fzWSuEVBt_G0Hin6Y9MarVSw=/0x0:3000x4182/1200x800/filters:focal(2048x688:2528x1168)/cdn.vox-cdn.com/uploads/chorus_image/image/50436465/Jane_Foster_Asgardian.0.jpg
natalie-portman,http://static4.uk.businessinsider.com/image/5569d13fdd0895027e8b456f-1200-600/natalie-portman-56.jpg
natalie-portman,http://www.starstyle.com/wp-content/uploads/natalie-portman/319839.jpg
natalie-portman,http://cdn-img.instyle.com/sites/default/files/styles/320x384/public/images/2018/01/010518-natalie-portman_1.jpg?itok=Gvcl3-9e
natalie-portman,http://www4.pictures.stylebistro.com/gi/Natalie+Portman+Dresses+Skirts+Maternity+Dress+L1JLBQJm9bBx.jpg
natalie-portman,https://wallpaperlayer.com/img/2015/7/natalie-portman-wallpaper-3759-3978-hd-wallpapers.jpg
natalie-portman,https://media.wmagazine.com/photos/5851627b9c190ec57abfd991/4:3/w_1536/0217.w.CM.bestperformances.lo;34_View5.jpg
natalie-portman,http://stylesatlife.com/wp-content/uploads/2016/06/natalie-portman-without-makeup4.jpg
natalie-portman,https://peopledotcom.files.wordpress.com/2018/02/reese-natalie.jpg
natalie-portman,https://images-production.global.ssl.fastly.net/uploads/posts/image/112834/natalie-portman-pregnant-venice-film-festival.jpg
natalie-portman,http://elleuk.cdnds.net/15/37/480x640/480x640-e-assets-elleuk-com-gallery-23244-natalie-portman-vogue-fashion-awards-new-york-america-2000-rex-jpg.jpg
natalie-portman,https://hairstyles.thehairstyler.com/hairstyle_views/right_view_images/3412/original/Natalie-Portman.jpg
natalie-portman,https://resizing.flixster.com/wnyIhJ5OQv-q7wkey4w2wmFTmWU=/300x300/v1.cjs0ODM0O2o7MTc2NDA7MTIwMDszOTE7NjAw
natalie-portman,https://www.maxim.com/.image/t_share/MTQ3Njg0NDI5Mzc5MTUxMzEy/natalie-portman-birthday-promo.jpg
natalie-portman,https://cdn.cnn.com/cnnnext/dam/assets/170217131715-natalie-portman-super-tease.jpg
natalie-portman,https://media.vanityfair.com/photos/57d56386a9f841aa372f552f/master/pass/toronto-international-film-festival-2016-natalie-portman.jpg
natalie-portman,http://cdn3.darkhorizons.com/wp-content/uploads/2017/05/is-natalie-portman-in-thor-ragnarok-696x464.jpg
natalie-portman,http://hookedonhouses.files.wordpress.com/2008/04/natalieportmanphoto.jpg?w=455
natalie-portman,"http://cdn.primedia.co.za/primedia-broadcasting/image/upload/c_fill,h_289,q_70,w_463/ihjgw8wwjkxcxczvxzy3"
natalie-portman,https://www.alternet.org/sites/default/files/styles/story_image/public/story_images/shutterstock_512368465.jpg?itok=qqBu3VwY
natalie-portman,https://assets.vogue.com/photos/5891d6ba8c64075803ad2e19/master/pass/02-natalie-portman-heatwave.jpg
natalie-portman,https://cdn.movieweb.com/img.news.tops/NE3yT2fvQxyH6c_2_a/Annihilation-Movie-Cast-Natalie-Portman.jpg
natalie-portman,https://www.beautycrew.com.au/media/1918/natalie-portman-main-portrait-2.jpg?width=502
natalie-portman,https://www.billboard.com/files/styles/article_main_image/public/media/natalie-portman-snl-jan-2018-billboard-1548.jpg
natalie-portman,http://www.natalieportman.com/gallery2/main.php?g2_view=core.DownloadItem&g2_itemId=220459
natalie-portman,http://magazin.lufthansa.com/content/uploads/2016/10/Beitragsbild_Portman_Skytalk1-477x673.jpg
natalie-portman,https://pmcvariety.files.wordpress.com/2015/12/natalie-portman.jpg?w=1000&h=563&crop=1
natalie-portman,https://www.hellomagazine.com/imagenes/profiles/natalie-portman/5614-portman.jpg
natalie-portman,http://www.veggieathletic.com/wp-content/uploads/2017/08/best-actress-nominees-24jan17-05.jpg
natalie-portman,https://i.pinimg.com/736x/14/48/a7/1448a712c791a19aa4a661a97c6e257b--natalie-portman-young-audrey-hepburn-dresses.jpg
natalie-portman,https://s-i.huffpost.com/gen/2577978/images/o-NATALIE-PORTMAN-facebook.jpg
natalie-portman,http://img.etonline.com/1242911076001/201611/1256/1242911076001_5229080405001_et-112916-NataliePortmanHULU.jpg?pubId=1242911076001
natalie-portman,https://images.desimartini.com/media/uploads/2015-5/b434e53020e41f697b0850da4dfb189f.jpg
natalie-portman,http://www.ultimatemovierankings.com/wp-content/uploads/2015/05/portman11111.jpg
natalie-portman,https://cdn.cliqueinc.com/posts/202497/natalie-portman-venice-film-festival-red-carpet-dress-202497-1473366785-promo.300x0c.jpg
natalie-portman,https://www.celebheights.com/xr/n/natalie-portman.jpg
natalie-portman,http://i.dailymail.co.uk/i/pix/2017/09/05/04/43EA4ACB00000578-0-image-m-11_1504582425268.jpg
natalie-portman,http://insessionfilm.com/wp-content/uploads/2016/01/Natalie-Portman-pic.jpg
natalie-portman,http://www.redcarpet-fashionawards.com/wp-content/uploads/2012/02/Natalie-Portman-In-Dior-2012-Oscars.jpg
natalie-portman,http://celebmafia.com/wp-content/uploads/2017/11/natalie-portman-plays-tennis-in-los-feliz-11-15-2017-12.jpg
natalie-portman,http://sm.ign.com/ign_za/news/n/natalie-po/natalie-portman-raps-to-defend-the-star-wars-prequels-on-snl_xg1n.jpg
natalie-portman,http://ksassets.timeincuk.net/wp/uploads/sites/46/2015/08/01-1068.jpg
natalie-portman,https://pmchollywoodlife.files.wordpress.com/2017/01/natalie-portman-rocks-huge-baby-bump-ftr.jpg
natalie-portman,http://www.epictimes.com/wp-content/uploads/2015/05/Natalie-Portman-Picture-36-Cool-Wallpapers-HD.jpg
natalie-portman,http://photos.laineygossip.com/articles/natalie-portman-vox-lux-28feb18-01.jpg
natalie-portman,https://i.ytimg.com/vi/H_t6o6Dro9w/maxresdefault.jpg
natalie-portman,https://girlinabasement.files.wordpress.com/2014/03/natalie-portman-38.jpg
natalie-portman,https://i2-prod.mirror.co.uk/incoming/article7622251.ece/ALTERNATES/s615/Natalie-Portman-MAIN.jpg
natalie-portman,http://www.pajiba.com/assets_c/2018/02/natalie-portman-snl-thumb-700x394-192215.jpeg
natalie-portman,http://www.hawtcelebs.com/wp-content/uploads/2017/04/natalie-portman-at-a-medical-center-in-beverly-hills-04-07-2017_1.jpg
natalie-portman,https://static.timesofisrael.com/www/uploads/2015/05/France-Cannes-A-Tale-_Horo-e1431892837505-640x400.jpg
natalie-portman,http://www.konbini.com/wp-content/blogs.dir/9/files/2018/01/14-curiosidades-sobre-el-mitico-film-leon-el-profesional-marylin-monroe-480x279.jpg
natalie-portman,http://www.bestcelebrityhairstyles.com/wp-content/uploads/2011/07/Natalie-Portman-hair.jpg
natalie-portman,https://cdn1.thr.com/sites/default/files/2015/09/natalie_portman_-_p_2015.jpg
natalie-portman,http://www.natalieportman.com/gallery2/main.php?g2_view=core.DownloadItem&g2_itemId=236896
natalie-portman,https://vignette.wikia.nocookie.net/marvel_dc/images/1/16/Natalie_Portman_Mug.jpg/revision/latest?cb=20140803155124
natalie-portman,http://cdn02.cdn.justjared.com/wp-content/uploads/headlines/2018/03/natalie-portman-will-narrate-vegan-documentary-eating-animals.jpg
natalie-portman,https://m.aceshowbiz.com/images/wennpic/preview/natalie-portman-paris-fashion-week-haute-couture-fall-winter-2017-2018-01.jpg
natalie-portman,http://pixel.nymag.com/imgs/daily/vulture/2015/09/10/10-natalie-portman.w245.h368.jpg
natalie-portman,https://pmcfootwearnews.files.wordpress.com/2017/01/natalie-portman-red-carpet-style-22.jpg?w=683&h=1006
natalie-portman,https://vignette.wikia.nocookie.net/genealogy/images/4/46/Natalie_Portman_Thor_2_cropped.png/revision/latest?cb=20140522053814
natalie-portman,http://img2.timeinc.net//people/i/2016/cbb/blog/161003/natalie-portman-800x600.jpg
natalie-portman,https://www.thesun.co.uk/wp-content/uploads/2017/12/nc-composite-natalieportman.jpg?strip=all&quality=100&w=750&h=500&crop=1
natalie-portman,http://www-sassisamblog-com-zippykid.netdna-ssl.com/wp-content/uploads/2013/06/Natalie_Portman_Dior_Rouge_Dior_Lipstick.jpg
natalie-portman,http://deskbg.com/s3/wpp/3/3588/captivating-natalie-portman-desktop-background.jpg
natalie-portman,http://img.morphthing.com/i/3281/2/0/517808c5/Natalie-Portman-and-Keira-Knightley.jpeg
natalie-portman,http://i.imgur.com/XHJtz69.jpg
natalie-portman,http://www.contactmusic.com/pics/ln/20170215/150217_natalie_portman/natalie-portman-seen-hiking_5577808.jpg
natalie-portman,https://i0.heartyhosting.com/okmagazine.com/wp-content/uploads/2016/07/natalie-portman-pregnant-baby-number-2-03.jpg?fit=1380%2C880&ssl=1
natalie-portman,https://scdailymakeover.files.wordpress.com/2013/10/natalie-portman.jpg?w=650&h=850
natalie-portman,http://www.beautyscene.net/wp-content/gallery/2013-02/miss-dior-natalie-portman.jpg
natalie-portman,https://www.usmagazine.com/wp-content/uploads/natalie-portman-ad1138c9-f5d1-4649-bdcd-64c7e83e2324.jpg
natalie-portman,http://www.syfy.com/sites/syfy/files/2017/07/Natalie-Portman-Planetarium.jpeg
natalie-portman,http://www.nbc.com/the-tonight-show/content/sites/nbcutsjf/files/styles/snl_320x180/public/images/2015/01/12/s31-e13_natalie.jpg?itok=VrmN_ccy
natalie-portman,https://s3.amazonaws.com/assets.forward.com/images/cropped/screen-shot-2016-03-25-at-32607-pm-1458934007.png
natalie-portman,http://i.perezhilton.com/wp-content/uploads/2015/05/natalie-gives-speech-at-harvard__oPt.jpg
natalie-portman,https://hairstyles.thehairstyler.com/hairstyle_views/right_view_images/3104/original/Natalie-Portman.jpg
natalie-portman,https://imabeautygeek.com/.image/t_share/MTI2NTUwNDMxODQwMTEzOTM4/natalie-portman-at-the-black-swan-premiere-venice-film-fest-september-2010.jpg
natalie-portman,http://www.jpost.com/HttpHandlers/ShowImage.ashx?id=286691&w=898&h=628
natalie-portman,http://www.latimes.com/resizer/E-vGHzI-am5hZ6fdNzCX_g16rac=/1400x0/arc-anglerfish-arc2-prod-tronc.s3.amazonaws.com/public/4TERHDAJMJAJLN6VZVJ67GCFVU.jpg
natalie-portman,https://i.pinimg.com/736x/b8/b2/be/b8b2beb354304cde1250997908fff382.jpg
natalie-portman,https://metrouk2.files.wordpress.com/2017/03/thor-natalie-portman-2.jpg
natalie-portman,https://marriedbiography.com/wp-content/uploads/2017/04/natalie-portman-at-jane-got-a-gun-premiere-in-paris-01-24-2016_1.jpg
natalie-portman,https://vg-images.condecdn.net/image/oPZm9695rPx/crop/1620/f/F498_MD17_S2_BTS_20B_DSC5206_L4_F39.jpg
natalie-portman,https://www.dior.com/beauty/version-5.1432748111912/resize-image/cms/0/0/90/0/pj%252F55%252Fbb%252F83%252Fab%252Fmd_wb_poster1198321797679862157.jpg
natalie-portman,"http://media.glamour.com/photos/57043132c08406e852104f5f/1:1/w_680,c_limit/entertainment-2016-03-man-looks-like-natalie-portman-main.jpg"
natalie-portman,http://akns-images.eonline.com/eol_images/Entire_Site/2016719/rs_634x1024-160819091534-634.Natalie-Portman-NYC-JR-081916.jpg?fit=inside|900:auto&output-quality=100
natalie-portman,https://media.timeout.com/images/103486936/image.jpg
natalie-portman,http://superherojacked.com/wp-content/uploads/2017/02/Natalie-Portman-Workout-3-683x1024.jpg
natalie-portman,https://cdn.images.express.co.uk/img/dynamic/36/590x/Natalie-Portman-Jackie-Kennedy-biopic-John-F-Kennedy-Lee-Harvey-Oswald-751392.jpg
natalie-portman,https://orig00.deviantart.net/f00e/f/2016/241/8/7/natalie_portman_4_by_fireball02-dafs1cf.jpg
natalie-portman,http://ksassets.timeincuk.net/wp/uploads/sites/55/2017/11/Natalie-Portman-GettyImages-631273382-920x584.jpg
natalie-portman,http://www.kisax.com/images/Natalie-Portman/Natalie-Portman-12.JPG
natalie-portman,https://media1.popsugar-assets.com/files/thumbor/q1BALQNKjPSGPFhuGBfwPq1xq0E/fit-in/1024x1024/filters:format_auto-!!-:strip_icc-!!-/2017/06/05/771/n/1922794/a3d1ad21593595668729f8.25411483_edit_img_cover_file_18019874_1496680341/i/Natalie-Portman-Buys-Santa-Barbara-CA-Home.jpg
keira-knightley,"https://ia.media-imdb.com/images/M/MV5BMTYwNDM0NDA3M15BMl5BanBnXkFtZTcwNTkzMjQ3OA@@._V1_UY317_CR6,0,214,317_AL_.jpg"
keira-knightley,https://upload.wikimedia.org/wikipedia/commons/thumb/b/b1/KeiraKnightleyByAndreaRaffin2011_%28cropped%29.jpg/220px-KeiraKnightleyByAndreaRaffin2011_%28cropped%29.jpg
keira-knightley,https://lookaside.fbsbx.com/lookaside/crawler/media/?media_id=909934385686459
keira-knightley,https://vg-images.condecdn.net/image/gbp2yOYk19z/crop/405/portrait
keira-knightley,"https://img.etimg.com/thumb/msid-62553519,width-643,imgsize-173089,resizemode-4/keira-knightley-is-disappointed-at-the-portrayal-of-rape-culture-in-modern-day-cinema.jpg"
keira-knightley,https://articlebio.com/uploads/bio/2016/07/18/keira-knightley.jpg
keira-knightley,https://vignette.wikia.nocookie.net/starwars/images/1/11/Keiraknightley.jpg/revision/latest?cb=20171229191224
keira-knightley,https://hips.hearstapps.com/hmg-prod.s3.amazonaws.com/images/keiraknightley-1519618169.jpg
keira-knightley,https://i.pinimg.com/originals/b8/02/49/b8024973e53cdbcd6687b554c485c825.jpg
keira-knightley,http://cdn-img.instyle.com/sites/default/files/styles/320x384/public/images/2015/06/062215-keira-knightley-james-righton-oscars.jpg?itok=PeLFJxRL
keira-knightley,https://photos.filmibeat.com/ph-big/2015/06/keira-knightley_143462055160.jpg
keira-knightley,http://i.dailymail.co.uk/i/pix/2018/01/21/19/4868EDFF00000578-0-image-m-81_1516562468456.jpg
keira-knightley,https://www.nessy.com/us/files/2017/03/keira.jpg
keira-knightley,http://d3q5x9z5q0y6mi.inscname.net/images/0ce1df3b8d7ce029c0d64a4a5f12f20a/8312portman+1.jpg
keira-knightley,http://thenextfamily.com/wp-content/uploads/2014/10/Keira-Knightley-005.jpg
keira-knightley,http://www.short-haircut.com/wp-content/uploads/2016/08/Keira-Knightley-Bob-Haircut.jpg
keira-knightley,https://upload.wikimedia.org/wikipedia/commons/thumb/2/21/Keira_Knightley_at_the_premiere_of_A_Dangerous_Method%2C_Toronto_Film_Festival_2011_%28cropped%29.jpg/190px-Keira_Knightley_at_the_premiere_of_A_Dangerous_Method%2C_Toronto_Film_Festival_2011_%28cropped%29.jpg
keira-knightley,http://i.dailymail.co.uk/i/pix/2018/01/17/01/4835C24E00000578-0-image-m-15_1516153015552.jpg
keira-knightley,http://wisetoast.com/wp-content/uploads/2016/08/Keira-Knightley-Net-Worth-1.jpg
keira-knightley,http://cdn-img.instyle.com/sites/default/files/styles/320x384/public/styles/1000x563/public/images/2015/02/021315-keira-knightley-on-jimmy-kimmel_0.jpg?itok=ej-JfM2i
keira-knightley,https://vg-images.condecdn.net/image/BB4zjYv9vnl/crop/405/portrait
keira-knightley,http://jonvilma.com/images/keira-knightley-2.jpg
keira-knightley,http://cdn01.cdn.justjared.com/wp-content/uploads/2017/09/keira-errands/keira-knightley-errands-in-london-03.jpg
keira-knightley,https://pmcvariety.files.wordpress.com/2018/01/keiratn.jpg?w=700&h=393&crop=1
keira-knightley,http://carlosrull.com/wp-content/uploads/2012/12/keira.jpg
keira-knightley,http://image.boomsbeat.com/data/images/full/151174/keira-knightley-36-jpg.jpg
keira-knightley,https://pmcvariety.files.wordpress.com/2018/01/keira-knightly-variety-cover-shoot.jpg?w=1000&h=563&crop=1
keira-knightley,https://media.glamour.com/photos/57b72580e9d654b77e0f8a18/master/pass/keira-knightley-social.jpg
keira-knightley,https://timedotcom.files.wordpress.com/2014/11/455297292.jpg
keira-knightley,https://media.gettyimages.com/photos/actress-keira-knightley-from-the-film-collette-is-photographed-for-picture-id918742490?s=612x612
keira-knightley,http://www.hawtcelebs.com/wp-content/uploads/2018/01/keira-knightley-at-variety-studio-at-sundance-film-festival-01-21-2018-3.jpg
keira-knightley,https://qph.fs.quoracdn.net/main-qimg-f3993e5fb3f5a26982015427b479161b
keira-knightley,https://www.dvdsreleasedates.com/pictures/800/12000/Keira-Knightley.jpg
keira-knightley,https://i.ytimg.com/vi/BTOlXLD4PLw/maxresdefault.jpg
keira-knightley,https://i2-prod.mirror.co.uk/incoming/article8660282.ece/ALTERNATES/s1200/Keira-Knightley.jpg
keira-knightley,https://flavorwire.files.wordpress.com/2015/10/keira-knightley-wallpaper-keira-knightley-34802196-1024-768.jpg?w=1024
keira-knightley,https://vignette.wikia.nocookie.net/pirates/images/4/4d/Keira_knightley.jpg/revision/latest?cb=20100621204744
keira-knightley,https://media1.popsugar-assets.com/files/thumbor/Afi4QI3fHRBRmymrY3ILnRuO_I0/fit-in/1024x1024/filters:format_auto-!!-:strip_icc-!!-/2016/03/25/805/n/1922398/9d442599_edit_img_image_36071868_1448607600_728/i/Keira-Knightley-Quotes.jpg
keira-knightley,https://hips.hearstapps.com/harpersbazaaruk.cdnds.net/16/43/1477865832-keira-knightley-harpers-bazaar-1.jpg?resize=480:*
keira-knightley,https://media.wmagazine.com/photos/585241bce3d613c03e1e5ece/1:1/w_767/keira-knightley.jpg
keira-knightley,https://media1.popsugar-assets.com/files/thumbor/RxDV9lBdNcUuBpknIXivKgVtwp0/fit-in/2048xorig/filters:format_auto-!!-:strip_icc-!!-/2014/11/07/875/n/1922398/4bf5382cfad7a797_thumb_temp_image35315381415389514/i/12-Times-Keira-Knightley-Dropped-Truth-Bombs-All-Us.jpg
keira-knightley,https://static.independent.co.uk/s3fs-public/styles/article_small/public/thumbnails/image/2014/01/17/10/v2-keira-AP.jpg
keira-knightley,http://www.celebzz.com/wp-content/uploads/2016/11/keira-knightley-at-jan-knapik-photoshoot-at-the-w-hotel-in-la_4.jpg
keira-knightley,http://ksassets.timeincuk.net/wp/uploads/sites/46/2013/12/keira-knightley-wedding-dress-garticle-2-554x830.jpg
keira-knightley,"https://hips.hearstapps.com/hmg-prod.s3.amazonaws.com/images/keira-knightley-ad-main-1519644603.jpg?crop=1xw:1xh;center,top&resize=768:*"
keira-knightley,https://www.telegraph.co.uk/content/dam/news/2018/01/01/TELEMMGLPICT000010197050_trans_NvBQzQNjv4BqM37qcIWR9CtrqmiMdQVx7GgL7o0_ESnuLxJzSWOePQE.jpeg?imwidth=450
keira-knightley,http://img.allw.mn/content/www/2009/08/KeiraKnightley/17840M_KNIGHTLEY_K_B_GR_01.jpg
keira-knightley,https://vg-images.condecdn.net/image/aByGDMJ5BdB/crop/405/portrait
keira-knightley,http://www.indiewire.com/wp-content/uploads/2018/01/keiraknightley.jpg?w=658
keira-knightley,https://images4.alphacoders.com/839/thumb-1920-83988.jpg
keira-knightley,http://cdn-static.denofgeek.com/sites/denofgeek/files/styles/main_wide/public/keira_knightley.jpg?itok=0fH1ut5t
keira-knightley,http://payload408.cargocollective.com/1/17/545674/10471902/KeiraKnightley-DavidBellemere-6_1843.jpg
keira-knightley,https://dv8modelingagency.files.wordpress.com/2012/03/keira-knightley.jpeg
keira-knightley,http://starschanges.com/wp-content/uploads/2015/04/keira-knightley151.jpg
keira-knightley,http://styletips101.com/wp-content/uploads/2007/08/keira-knightley.jpg
keira-knightley,https://upload.wikimedia.org/wikipedia/commons/thumb/8/87/Keira_Knightley_2005_%28cropped%29.jpg/180px-Keira_Knightley_2005_%28cropped%29.jpg
keira-knightley,https://media.fromthegrapevine.com/assets/images/2015/4/Natalie-Portman-Keira-Knightley-1.jpg.839x0_q71_crop-scale.jpg
keira-knightley,https://i.guim.co.uk/img/media/4308864b0ad51affc95328c7b6f9a8cb322b5b75/170_78_5857_3516/master/5857.jpg?w=300&q=55&auto=format&usm=12&fit=max&s=8a3972c90c5531701090c2575f53e665
keira-knightley,https://wallpapersite.com/images/wallpapers/keira-knightley-2940x2194-english-actress-hd-3040.jpg
keira-knightley,http://www.indiewire.com/wp-content/uploads/2018/01/keira.jpg?w=780
keira-knightley,https://www.biography.com/.image/ar_1:1%2Cc_fill%2Ccs_srgb%2Cg_face%2Cq_80%2Cw_300/MTQyMDAyMDM3MDU0MjUyNzQw/keira-knightley_gettyimages-462189176jpg.jpg
keira-knightley,https://www.myagecalculator.com/images/keira-knightley.jpg
keira-knightley,https://cdn-01.belfasttelegraph.co.uk/migration_catalog/article25765470.ece/1260d/AUTOCROP/w620h342/Films%2010-1.jpg
keira-knightley,https://www.famousbirthdays.com/headshots/keira-knightley-4.jpg
keira-knightley,https://media.glamour.com/photos/56966f7b93ef4b095210f467/master/pass/beauty-2014-11-keira-knightley-main.jpg
keira-knightley,http://entertainment.ie//images_content/rectangle/620x372/elizabeth-swann.jpg
keira-knightley,https://cdna.artstation.com/p/assets/images/images/005/938/614/large/stephan-plotnicov-3d-model-keira-knightley-18.jpg?1494858837
keira-knightley,http://www.prettydesigns.com/wp-content/uploads/2013/10/Keira-Knightley-Hair-Short-Shaggy-Hairstyle.jpg
keira-knightley,http://www.gotceleb.com/wp-content/uploads/photos/keira-knightley/madame-figaro-magazine-july-2016/Keira-Knightley:-Madame-Figaro-2016--02-662x883.jpg
keira-knightley,https://images.desimartini.com/media/uploads/2015-5/keira-knightley.jpg
keira-knightley,http://cdn.collider.com/wp-content/uploads/keira-knightley-01.jpg
keira-knightley,https://www.theedgesusu.co.uk/wp-content/uploads/2016/05/Keira-Knightley-011.jpg
keira-knightley,http://ethnicelebs.com/wp-content/uploads/2010/02/keira-knightley.jpg
keira-knightley,https://www.fashiongonerogue.com/wp-content/uploads/2016/11/Keira-Knightley-Harpers-Bazaar-UK-2016-Photoshoot09.jpg
keira-knightley,http://ksassets.timeincuk.net/wp/uploads/sites/46/2016/03/Keira-Knightley-P6.jpg
keira-knightley,http://cdn.newsapi.com.au/image/v1/3ebf0c416066e75d24ed57403fe90e74
keira-knightley,https://gl-images.condecdn.net/image/On5xmj6z74o/crop/405
keira-knightley,https://i.pinimg.com/originals/74/b5/d3/74b5d345c2571b54b32e13c86a5a2084.jpg
keira-knightley,https://www.pkbaseline.com/wp-content/uploads/2016/06/Noticia-114495-keira_knightley-topless-revelador-desnudo.jpg
keira-knightley,http://akns-images.eonline.com/eol_images/Entire_Site/2017319/rs_1024x429-170419060616-Keira-Knightley.jpg?fit=inside|900:auto&output-quality=100
keira-knightley,https://media1.popsugar-assets.com/files/thumbor/08c4tBp7ZNV7MSNaL8ACwG5SoSE/fit-in/1024x1024/filters:format_auto-!!-:strip_icc-!!-/2016/08/19/786/n/1922153/ba2971ad_edit_img_image_15110365_1471628673/i/Keira-Knightley-Wears-Wigs.png
keira-knightley,http://www.prothinspo.com/images/Keira-Knightley-Body4_1_.jpg
keira-knightley,http://cdn-img.instyle.com/sites/default/files/styles/original/public/images/2017/11/111417-kiera-knightly-lead_0.jpg?itok=ui2lgyJ1
keira-knightley,http://1.bp.blogspot.com/-w3kO6UTSAtk/Ta2RqXrwQUI/AAAAAAAABkU/CahzuWhzbdM/s640/Keira+Knightley+hot+pic.jpg
keira-knightley,http://ris.fashion.telegraph.co.uk/RichImageService.svc/imagecontent/1/TMG9611459/m/Keira_2289588a.jpg
keira-knightley,https://pmcdeadline2.files.wordpress.com/2014/10/knightly.jpg?w=446&h=299&crop=1
keira-knightley,http://www3.pictures.gi.zimbio.com/Keira+Knightley+Hollywood+Awards+Gala+Arrivals+WNDgvHi87j7l.jpg
keira-knightley,https://www.hellomagazine.com/imagenes/healthandbeauty/mother-and-baby/2015081226697/keira-knightley-reveals-baby-girl-name/0-134-250/keira-knightley--z.jpg
keira-knightley,https://pbs.twimg.com/media/DZNhAJjWkAEvCdX.jpg
keira-knightley,http://cdn-img.instyle.com/sites/default/files/styles/684xflex/public/migrated_assets/14/03/keira-knightley-chanel-dress-main.jpg?itok=k4o-YqEV
keira-knightley,https://www.thesun.co.uk/wp-content/uploads/2016/08/nintchdbpict000004033051.jpg?w=476
keira-knightley,https://cdn1.thr.com/sites/default/files/2013/04/keira_knightley_-_p_2013.jpg
keira-knightley,http://cdn01.cdn.justjared.com/wp-content/uploads/2017/05/keira-chanel/keira-knightley-husband-james-sit-front-row-at-chanel-fashion-show04.jpg
keira-knightley,http://mapinstitute.org/data/wallpapers/223/im57393430.jpg
keira-knightley,https://img.huffingtonpost.com/asset/5a5e84c1220000251ab4ec24.jpeg?cache=vqys67hcdk&ops=1910_1000
keira-knightley,http://cdn-img.instyle.com/sites/default/files/styles/320x384/public/images/2008/tr/091808_keira02_400x400_0.jpg?itok=TJcP6Gg-
keira-knightley,http://img4.bdbphotos.com/images/700x350/2/m/2mx8omwd88ted8.jpg?skj2io4l
keira-knightley,http://queencelebrity.com/wp-content/uploads/2014/05/Keira-Knightley-Anorexia-695x1024.jpg
keira-knightley,http://www.designscene.net/wp-content/uploads/2016/07/Keira-Knightley-Madame-Figaro-Paul-Maffi-02-620x827.jpg
keira-knightley,https://s2.zmones.lt/images/photos/2015/02/23/original/keira-knightley-54eab1dfa3a57.jpg
keira-knightley,https://i.ytimg.com/vi/c_sxBpFQaGE/maxresdefault.jpg
keira-knightley,"https://images-production.global.ssl.fastly.net/uploads/posts/image/42317/keira-knightley-topless.jpg?auto=compress&crop=faces,top&fit=crop&h=421&q=55&w=750"
keira-knightley,http://akns-images.eonline.com/eol_images/Entire_Site/201462/rs_634x1024-140702120159-634.Keira-Knightley-JR-7214.jpg?fit=inside|900:auto&output-quality=100
keira-knightley,https://www.famousbirthdays.com/headshots/keira-knightley-1.jpg
keira-knightley,https://i.pinimg.com/originals/d5/79/be/d579be47203ce7fff73096917b26b059.jpg
keira-knightley,http://wallpaperswide.com/download/keira_knightley_15-wallpaper-1920x1200.jpg
keira-knightley,http://staticpopopics.popopics.com/uploads/display/Keira-Knightley-Stomach-5.jpg
keira-knightley,https://i.guim.co.uk/img/media/39681ead4dc93fe76cf7a7e9a1ff26a4df42e56b/0_19_2000_1200/master/2000.jpg?w=300&q=55&auto=format&usm=12&fit=max&s=395aff41c30b84eed0eddf27ef9f1a21
keira-knightley,https://pmcwwd.files.wordpress.com/2017/11/keira-knightley.jpg
keira-knightley,https://secure.i.telegraph.co.uk/multimedia/archive/00802/220-keira-knightley_802385f.jpg
keira-knightley,http://ksassets.timeincuk.net/wp/uploads/sites/46/2016/03/Keira-Knightley-P5.jpg
keira-knightley,https://fashionista.com/.image/ar_16:9%2Cc_fill%2Ccs_srgb%2Cg_faces:center%2Cq_80%2Cw_620/MTE5NDg0MDYwOTQwMzM4NzAz/knightley_leadjpg.jpg
keira-knightley,https://www.chanel.com/en_US/fragrance-beauty/cms2export/Site1Files/file65321/woman2-EP2.jpg
keira-knightley,https://pixel.nymag.com/imgs/fashion/daily/2018/01/16/16-Keira-Knightley.w710.h473.jpg
keira-knightley,http://celebmafia.com/wp-content/uploads/2018/03/keira-knightley-filming-official-secrets-in-wetherby-9.jpg
keira-knightley,https://media1.popsugar-assets.com/files/thumbor/yLEikjro38IzQ3VdTiF2UsjbeC4/fit-in/1024x1024/filters:format_auto-!!-:strip_icc-!!-/2018/01/18/669/n/1922283/1b287bde5a60b763054f38.95637981_edit_img_front_page_image_file_17268548_1516287582/i/Keira-Knightley-Quotes-About-Women-Being-Raped-Movies.jpg
keira-knightley,https://static.standard.co.uk/s3fs-public/thumbnails/image/2014/11/13/10/AN_56582751-(Read-Only).jpg?w968h681
keira-knightley,https://www.hindustantimes.com/rf/image_size_960x540/HT/p2/2017/03/26/Pictures/_1f3fe1b2-11e5-11e7-be49-55692bf38950.jpg
keira-knightley,http://blog.filmjabber.com/wp-content/uploads/2009/03/keira-knightley.jpg
keira-knightley,https://cdn.pursuitist.com/wp-content/uploads/2013/05/Keira-Knightley-and-James-Righton-Get-Married-In-France.jpg
keira-knightley,https://d3enniz247y0a9.cloudfront.net/website/var/tmp/image-thumbnails/100000/102547/thumb__article-header-portrait/Hero_Portrait_kiera_knightley_REX.jpeg
keira-knightley,https://pmcvariety.files.wordpress.com/2017/10/keira-knightley.png?w=1000&h=563&crop=1
keira-knightley,http://www.fashionavecpassion.com/wp-content/uploads/2012/11/keira-knightley-can-a-song-save-your-life.jpg
keira-knightley,https://media.youqueen.com/2015/01/keira-knightley-red-carpet-2003.jpg
keira-knightley,https://image.iol.co.za/image/1/process/620x349?source=https://inm-baobab-prod-eu-west-1.s3.amazonaws.com/public/inm/media/media/2017/02/15/media-reference%3A9d5dd6be28cd40a087019bdcc934452e.jpg&operation=CROP&offset=0x38&resize=512x288
keira-knightley,https://vg-images.condecdn.net/image/y8wPjl7MPPB/crop/405/portrait
keira-knightley,http://www.celebshairstyles.com/wp-content/uploads/2017/01/Blonde-Long-Hairstyle-Of-Keira-Knightley.jpg
keira-knightley,http://cdn-img.instyle.com/sites/default/files/styles/480xflex/public/images/2017/03/rexfeatures_379901e.jpg?itok=4YcNYdmb
keira-knightley,"https://images-production.global.ssl.fastly.net/uploads/posts/image/111282/keira-knightley-hair-loss-wigs.jpg?auto=compress&crop=faces,top&fit=crop&h=421&q=55&w=750"
keira-knightley,https://imagesvc.timeincapp.com/v3/mm/image?url=https%3A%2F%2Fewedit.files.wordpress.com%2F2015%2F01%2Fkeira-knightley.jpg%3Fw%3D612&w=700&q=85
keira-knightley,http://images.amcnetworks.com/bbcamerica.com/wp-content/uploads/2014/06/keiraknightley.jpg
keira-knightley,https://i.pinimg.com/736x/03/c9/a2/03c9a28ff1808dbea63040a113875d58--fairytale-fashion-keira-knightley.jpg
keira-knightley,https://assets.vogue.com/photos/589171178c64075803ad0435/master/pass/keira-knightley-pink-lipstick.jpg
keira-knightley,http://media.breitbart.com/media/2018/01/KnightleyKeira-640x480.jpg
keira-knightley,https://zemanceleblegs.com/wp-content/gallery/keira-knightley/Zeman-Keira-Knightley-00008.jpg
keira-knightley,http://hollywoodneuz.us/wp-content/uploads/2013/04/Keira-Knightley-Wallpaper-5.jpg
keira-knightley,https://www.thefamouspeople.com/profiles/images/keira-knightley-3.jpg
keira-knightley,https://img.cinemablend.com/filter:scale/quill/8/0/e/4/a/a/80e4aae63f750cb992cb3943d5c0a4455b392d75.jpg?mw=600
keira-knightley,https://static01.nyt.com/images/2015/10/25/arts/25KEIRA/25KEIRA-blog427.jpg
keira-knightley,https://www.thewrap.com/wp-content/uploads/2016/02/Keira-Knightley.jpg
keira-knightley,https://images.hellogiggles.com/uploads/2016/12/18042620/pirates-of-the-cairbbean.png
keira-knightley,https://pbs.twimg.com/media/DUJ-2AUWsAA3fTo.jpg
keira-knightley,https://i2-prod.gloucestershirelive.co.uk/incoming/article1219197.ece/ALTERNATES/s615b/keira-knightley.jpg
keira-knightley,http://efekt-dieta.info/cdn/images/keira-knightley/keira-knightley-10.jpg
keira-knightley,https://www.famousbirthdays.com/headshots/keira-knightley-2.jpg
keira-knightley,https://24.p3k.hu/app/uploads/2016/02/keira-knightley-1024x576.jpg
keira-knightley,http://cimg.tvgcdn.net/i/2017/03/22/63dafe39-f518-4988-b5ce-0c0abaf78783/170322-keira-knightley-hp-lg.jpg
keira-knightley,http://i.f1g.fr/media/ext/1900x1900/madame.lefigaro.fr/sites/default/files/img/2016/06/keira-knightley-l039anti-star-photo-4.jpg
keira-knightley,http://img.allw.mn/content/2013/11/02211507_0315.jpg
keira-knightley,https://i.ytimg.com/vi/Reo3DoIlP3E/maxresdefault.jpg
keira-knightley,https://static.independent.co.uk/s3fs-public/styles/article_small/public/thumbnails/image/2016/08/17/08/keira-knightley.jpg
keira-knightley,http://www.ethnicwho.com/wp-content/uploads/2015/12/keira-knightley.jpg
keira-knightley,https://i.imgur.com/KZAAxEd.jpg
keira-knightley,http://celebrityabc.net/wp-content/uploads/2016/04/Keira-Knightley-Plastic-Surgery-Before-and-After-Nose-Job.jpg
keira-knightley,http://www.short-haircut.com/wp-content/uploads/2016/05/Keira-Knightley-Pixie-Cut.jpg
keira-knightley,https://s-i.huffpost.com/gen/2253286/images/o-KEIRA-KNIGHTLEY-facebook.jpg
keira-knightley,http://conversationsabouther.net/wp-content/uploads/2014/07/Keira-Knightley.jpg
keira-knightley,https://cdn.images.express.co.uk/img/dynamic/36/590x/secondary/pirates-of-the-caribbean-keira-knightley-1197749.jpg
keira-knightley,http://heightandweights.com/wp-content/uploads/2014/10/keira-knightley-height-and-weight.jpg
keira-knightley,https://pmcdeadline2.files.wordpress.com/2014/12/keira-knightley.jpg?w=446&h=299&crop=1
keira-knightley,http://www.gotceleb.com/wp-content/uploads/photos/keira-knightley/elle-canada-magazine-april-2018/Keira-Knightley:-Elle-Canada-2018--06-662x903.jpg
keira-knightley,http://cdn.collider.com/wp-content/uploads/a-dangerous-method-movie-image-keira-knightley-04.jpg
keira-knightley,https://i1.wp.com/www.feelingsuccess.com/wp-content/uploads/2016/02/Keira-Knightley-Quotes.png?fit=646%2C580&ssl=1
keira-knightley,http://www.diet-weight-lose.com/celebrity/celebrity-picture/keira-knightley-face.jpg
keira-knightley,https://media.gettyimages.com/photos/keira-knightley-during-king-arthur-press-conference-with-clive-owen-picture-id112436943?s=612x612
keira-knightley,https://secure.i.telegraph.co.uk/multimedia/archive/02958/Knightley_2958550b.jpg
keira-knightley,http://www.bravotv.com/sites/nbcubravotv/files/field_blog_image/2017/04/jamie-dornan-keira-knightley-promote.jpg
keira-knightley,http://4.bp.blogspot.com/-jQgRtmYrYbM/ULcAVOjjtII/AAAAAAAAABw/1XyNJE42LFU/s1600/keira+knightley+domino+hairstyle+(1).jpeg
keira-knightley,http://cdn-static.denofgeek.com/sites/denofgeek/files/styles/main_wide/public/keira_knightley_will_smith.jpg?itok=8EU4etCz
keira-knightley,http://celebmafia.com/wp-content/uploads/2017/03/keira-knightley-running-errands-in-central-london-3-23-2017-1.jpg
keira-knightley,http://image.boomsbeat.com/data/images/full/151145/keira-knightley-20-jpg.jpg
keira-knightley,http://stealherstyle.net/wp-content/uploads/2015/02/keira-knightley-makeup-3-500x500.jpg
keira-knightley,https://i.pinimg.com/736x/84/53/20/845320c62aa1610ac59e63a5d225d6ed--keira-knightley-shiny-leggings.jpg
keira-knightley,https://media1.popsugar-assets.com/files/thumbor/zIime8SQvkxVVBLLIpOZuuFGLic/fit-in/2048xorig/filters:format_auto-!!-:strip_icc-!!-/2016/10/11/894/n/1922564/94fa37e857fd4b3c0beb59.58197575_edit_img_image_15741505_1476216825/i/Keira-Knightley-Wearing-Dress-Pockets.jpg
keira-knightley,http://static.tvtropes.org/pmwiki/pub/images/keira-knightley-pic.jpg
keira-knightley,http://digitalspyuk.cdnds.net/18/07/980x490/landscape-1518453598-la.jpg
keira-knightley,http://pixel.nymag.com/imgs/daily/vulture/2014/06/24/24-keira-knightley-death.w529.h352.jpg
keira-knightley,https://cdn1.thr.com/sites/default/files/2015/02/keira_knightley_headband_p.jpg
keira-knightley,http://www.contactmusic.com/pics/ln/20150225/250215_keira_knightley/keira-knightley-keira-knightly-out-in-london_4607262.jpg
keira-knightley,https://frostsnow.com/assets/thumbnails/03/0385dbf994d7512e1a218ed1ec834ce7.jpg
keira-knightley,http://pmcwwd.files.wordpress.com/2018/03/keira-knightley-sf.jpg?crop=0px%2C228px%2C3712px%2C2479px&resize=640%2C415
keira-knightley,http://images.celebitchy.com/frontpage/488044.jpg
keira-knightley,https://www.dailydot.com/wp-content/uploads/93b/4b/c30060eb8d866527032aeb87233c2646.jpg
keira-knightley,https://i.pinimg.com/originals/39/a1/c2/39a1c2dae908c4d7fce7ce8ce7b13095.jpg
keira-knightley,https://cdn.cliqueinc.com/posts/img/uploads/current/images/0/273/643/promo.original.300x0c.jpg
keira-knightley,http://www.designscene.net/wp-content/uploads/2016/07/Keira-Knightley-Madame-Figaro-Paul-Maffi-03-620x827.jpg
keira-knightley,https://www.fromshelleywithlove.com/wp-content/uploads/2016/08/Keira-Knightly-Makeup.jpg
keira-knightley,http://www.celebrityfunfacts.com/media/Keira-Knightley-Facts-Biography.jpg
keira-knightley,"https://the-hollywood-gossip-res.cloudinary.com/iu/s--vrhhm2IO--/f_auto,q_auto/v1471644173/keira-knightley-pride-and-prejudice-premiere"
keira-knightley,https://pmcvariety.files.wordpress.com/2018/01/keira-knightly-variety-cover-shoot-2.jpg?w=700&h=934
keira-knightley,http://images.amcnetworks.com/bbcamerica.com/wp-content/uploads/2015/03/Keira4.jpg
keira-knightley,https://cdn.movieweb.com/img.news.tops/NEB4u2B7VPKpEJ_1_b/Deadpool-2-Cable-Keira-Knightley-Stephen-Lang-Fan.jpg
keira-knightley,https://www.interviewmagazine.com/wp-content/uploads/2012/03/img-kiera-knightley-1_120528434054-971x1000.jpg
keira-knightley,https://media.glamour.com/photos/57b73a773cb27ca97a4e02fb/master/pass/keira-knightley-river.jpg
keira-knightley,http://cdn-img.instyle.com/sites/default/files/styles/320x384/public/1519743502/Keira%20Knightley.jpg?itok=Q5B5ECp9
keira-knightley,http://www.adrants.com/images/keira_knightley_chanel.jpg
keira-knightley,http://i.dailymail.co.uk/i/pix/2016/03/07/21/31F76B9A00000578-3480911-image-a-2_1457384400453.jpg
keira-knightley,https://scstylecaster.files.wordpress.com/2018/02/keira-knightley.jpg
keira-knightley,https://wallpapersite.com/images/wallpapers/keira-knightley-3840x2160-beautiful-hd-4k-5729.jpg
keira-knightley,https://cdn5.img.sputniknews.com/images/106085/89/1060858926.jpg
keira-knightley,"https://media.wmagazine.com/photos/58523802e3d613c03e1e5b76/master/w_320,c_limit/keira-knightley-red-carpet-chanel-couture-dress.jpg"
keira-knightley,http://photos.vanityfair.com/2015/02/09/54d9272da8d6884651e65c93_emma-versus-keira-10.jpg
keira-knightley,https://pre00.deviantart.net/7b1e/th/pre/i/2014/180/7/1/natalie_portman___keira_knightley_by_thatnordicguy-d7og2jx.jpg
keira-knightley,http://www.bartcop.com/keira-knightley-01.jpg
keira-knightley,https://s.abcnews.com/images/Entertainment/GTY_keira_knightley_anne_hathaway_jtm_141229_12x5_992.jpg
keira-knightley,https://media.salon.com/2016/06/film-carney-knightley.jpeg-1280x960.jpg
keira-knightley,http://www.frockflicks.com/wp-content/uploads/2015/01/keiraknightley-preview-600x350.jpg
keira-knightley,http://movieactors.com/photos-actor/keira-knightley-theduchess-1.jpg
keira-knightley,http://prod.static9.net.au/_/media/2018/02/12/15/40/keiraknightley2.jpg
keira-knightley,https://media.allure.com/photos/5771a1938d432b9e20f912e8/3:4/w_767/beauty-trends-blogs-daily-beauty-reporter-keira-knightley-wavy-hair-pregnant-f.jpg
keira-knightley,https://www.foodsforbetterhealth.com/wp-content/uploads/2016/09/Giordano_keira-knightley_070916.jpg
keira-knightley,https://www.hairfinder.com/hair/keiraknightley.jpg
keira-knightley,https://i.guim.co.uk/img/media/d334254dcf679322ac2ba081a31997c9dceba2df/71_0_715_429/715.jpg?w=300&q=55&auto=format&usm=12&fit=max&s=1356cf277789a225fb1fee9ec28b3545
keira-knightley,http://www.celebshairstyles.com/wp-content/uploads/2017/01/Keira-Knightley-Short-Bob-Hairstyle.jpg
keira-knightley,https://static1.therichestimages.com/wordpress/wp-content/uploads/superbe-Keira-Knightley.jpg
keira-knightley,https://beautyeditor.ca/.image/t_share/MTE5NTU2MzI0NzQ5MTE2OTM5/chanel-keira-knightley.jpg
keira-knightley,https://assets.vogue.com/photos/587772d15ab2876842234b27/master/pass/19-magazine-0506-keira-knightley_19051683865.jpg
keira-knightley,https://static.standard.co.uk/s3fs-public/thumbnails/image/2018/02/13/16/loveactuallysplit1302a.jpg?w968h681
keira-knightley,http://img2.timeinc.net/people/i/2014/cbb/blog/141110/kiera-knightley-300x400.jpg
keira-knightley,http://starschanges.com/wp-content/uploads/2015/04/KeiraKnightley-TIFF-2014.jpg
keira-knightley,https://static01.nyt.com/images/2015/10/25/arts/25KEIRAJP1/25KEIRAJP1-blog427.jpg
keira-knightley,http://cdn.jolie.de/32567-449430-5/image160w/keira-knightley-long-bob-1736902.jpg
keira-knightley,https://2.bp.blogspot.com/-ojmGpO2r32w/WPWGgPXpA9I/AAAAAAABgrc/pXfqFD9QVFQ8VyfQLUjzB6CVfYXoM9pPwCPcB/s1600/image.jpeg
keira-knightley,https://media.giphy.com/media/1iLCR2pWgg7uw/giphy.gif
keira-knightley,http://ksassets.timeincuk.net/wp/uploads/sites/46/2013/12/keira-knightley-50-shades-of-grey-garticle-2-334x500.jpg
keira-knightley,https://d919ce141ef35c47fc40-b9166a60eccf0f83d2d9c63fa65b9129.ssl.cf5.rackcdn.com/images/173820.max-620x600.jpg
keira-knightley,http://i.imgur.com/cGpceZn.jpg
keira-knightley,https://vg-images.condecdn.net/image/AKR8w2GJ3nm/crop/200/square/f/keira-knightley-1-vogue-31may16-pa_b.jpg
keira-knightley,https://timesofindia.indiatimes.com/photo/57837761.cms
keira-knightley,https://www.goldenglobes.com/sites/default/files/styles/portrait_medium/public/people/cover_images/keira_knightley.jpg?itok=Ur0ULowa&c=b9181ecae7698637c4a242f51f3925d6
keira-knightley,http://www.celebrityendorsementads.com/celebrity-endorsements/celebrities/keira-knightley/images/keira-knightley-chanel-makeup-lg.jpg
keira-knightley,http://www.hawtcelebs.com/wp-content/uploads/2018/01/keira-knightley-at-deadline-studio-at-sundance-film-festival-01-21-2018-6.jpg
keira-knightley,http://static.adweek.com/adweek.com-prod/wp-content/uploads/files/news_article/chanel_keira_knightley_hed_2014.png
keira-knightley,https://us.hellomagazine.com/images/stories/1/2015/12/21/000/115/862/featured_5_3.jpg
keira-knightley,https://cdn.pursuitist.com/wp-content/uploads/2014/03/Keira-Knightley-Returns-As-Coco-Mademoiselle.jpg
keira-knightley,https://hdqwalls.com/wallpapers/keira-knightley-latest-qhd.jpg
keira-knightley,https://s-i.huffpost.com/gen/2478460/images/o-KEIRA-KNIGHTLEY-facebook.jpg
keira-knightley,http://assets.nydailynews.com/polopoly_fs/1.2655121.1464666591!/img/httpImage/image.jpg_gen/derivatives/article_750/540055723-ax-607-f052bd2aa7106034633d782984929f8a.jpg
keira-knightley,https://cdn.movieweb.com/img.news.tops/NEnWDSMDCALLso_1_b/Pirates-Caribbean-5-Keira-Knightley-Post-Credit-Scene.jpg
keira-knightley,http://stylefrizz.com/img/keira-knightley-by-julian-broad.jpg
keira-knightley,http://atgbcentral.com/data/out/46/4302781-keira-knightley-wallpaper.jpg
keira-knightley,https://healthyceleb.com/wp-content/uploads/2013/11/Keira-Knightley-2013.jpg
keira-knightley,https://i.ytimg.com/vi/m0_4qY6cSHs/maxresdefault.jpg
keira-knightley,https://metrouk2.files.wordpress.com/2016/12/piratesotcaribbean_156pyxurz.jpg
keira-knightley,https://static.independent.co.uk/s3fs-public/styles/article_small/public/thumbnails/image/2013/05/05/19/Keira-Knightley-AP.jpg
keira-knightley,https://hairstyles.thehairstyler.com/hairstyle_views/front_view_images/9645/original/Keira-Knightley.jpg
keira-knightley,https://theplaylist.net/wp-content/uploads/2017/03/Chiwetel-Ejiofor-and-Keira-Knightley-Love-Actually-Red-Nose-Day-1200x520.jpg
keira-knightley,https://i2-prod.mirror.co.uk/incoming/article9203436.ece/ALTERNATES/s615/Harpers-Bazaar-Women-of-the-Year-Awards-held-at-Claridges-In-London.jpg
keira-knightley,http://cdn.newsapi.com.au/image/v1/f9fce5441730041910e8206e6f853961
keira-knightley,http://74.207.236.101/wp-content/uploads/2014/04/Beauty-Bob_Haircuts-Celebrities-Keira_Knightley1.jpg
keira-knightley,http://cdn.skim.gs/image/upload/v1456340115/msi/keira-knightley-hair_bhuubg.jpg
keira-knightley,http://www.laineygossip.com/Content/images/articles/keira%20knightley%2025apr11%2004.jpg
keira-knightley,https://pixel.nymag.com/imgs/fashion/daily/2014/01/29/29-keira-knightley-hair-2.w710.h473.jpg
keira-knightley,http://www.nndb.com/people/548/000026470/kei.jpg
keira-knightley,https://pmcdeadline2.files.wordpress.com/2016/08/keira-knightley-alexander-skarsgard.jpg?w=446&h=299&crop=1
keira-knightley,http://4.bp.blogspot.com/-zmb47YKIN7U/Ta2Tz9naXFI/AAAAAAAABkc/xDWay5Yk-eo/s1600/keira-knightley-pirates-uk-premiere-06.jpg
keira-knightley,"http://4everstatic.com/pictures/674xX/people/actors-and-actresses/keira-knightley,-woman-at-pool-214250.jpg"
keira-knightley,https://img.buzzfeed.com/buzzfeed-static/static/2016-02/10/5/enhanced/webdr11/anigif_original-12147-1455101794-11.gif
keira-knightley,http://www.themalaymailonline.com/uploads/articles/2017/2017-11/capture.4a881135410.original.jpg
keira-knightley,http://3.bp.blogspot.com/_i_qv8AmFaa8/TFIapkbA5gI/AAAAAAAAAIU/LzY9jvEZdoU/s1600/keira-knightley-13.jpg
keira-knightley,"https://media1.popsugar-assets.com/files/thumbor/q6-BKrdGEJp75eO1IY43U1GeWpw/fit-in/1024x1024/filters:format_auto-!!-:strip_icc-!!-:watermark-!popsugar-watermark.png,-5,-5,0!-/2013/05/13/939/n/1922398/6a4febd6f83e12e4_EXC_KIERA_WATER_051313_013/i/Keira-Knightley-Honeymoon-Bikini-Pictures.jpg"
keira-knightley,http://digitalspyuk.cdnds.net/16/34/480x192/gallery-1471864637-tumblr-inline-mkwvq1vshp1qz4rgp.gif
keira-knightley,http://www2.pictures.zimbio.com/gi/Keira+Knightley+6RFxKOX8SDim.jpg
keira-knightley,http://celebmafia.com/wp-content/uploads/2018/01/keira-knightley-deadline-studio-portraits-at-sundance-2018-6_thumbnail.jpg
keira-knightley,https://cdn.images.express.co.uk/img/dynamic/79/590x/keira-knightley-anne-hathaway-natalie-portman-549236.jpg
keira-knightley,http://images.amcnetworks.com/bbcamerica.com/wp-content/uploads/2015/01/KeiraKnightley-copy-1600x720.jpg
keira-knightley,http://i.dailymail.co.uk/i/pix/2008/06/20/article-1027843-01AD138900000578-836_468x869.jpg
keira-knightley,https://www.thefamouspeople.com/profiles/images/keira-knightley-5.jpg
keira-knightley,https://media.brides.com/photos/580e3b9c4563e4723247961a/master/pass/blogs-aisle-say-keira-knightley-hair-makeup-begin-again-premiere.jpg
keira-knightley,https://gl-images.condecdn.net/image/jPXjMbVjg09/crop/405
keira-knightley,http://i.dailymail.co.uk/i/pix/2017/03/24/10/3E8F222800000578-0-image-a-29_1490353000662.jpg
keira-knightley,http://stealherstyle.net/wp-content/uploads/2015/02/keira-knightley-hair-5-500x750.jpg
keira-knightley,http://smartmiv.com/wp-content/uploads/2016/12/21610_keira_knightley_hair_long_straight_hairstyle.jpg
keira-knightley,http://movieactors.com/photos-stars/keira-knightley-atonement-022.jpg
keira-knightley,http://www.ultimatemovierankings.com/wp-content/uploads/2016/03/keira-1111.jpg
keira-knightley,http://img.morphthing.com/i/3281/2/0/517808c5/Natalie-Portman-and-Keira-Knightley.jpeg
keira-knightley,"https://s1.r29static.com//bin/entry/df1/x,80/1639567/image.jpg"
keira-knightley,https://media1.popsugar-assets.com/files/thumbor/D9DnBduET35mHejpkt6_617wKuo/fit-in/1024x1024/filters:format_auto-!!-:strip_icc-!!-/2015/08/13/758/n/2589278/c741efd5_edit_img_image_401219_1439484837/i/Photos-Keira-Knightley-Jamie-Dornan-Dating.png
keira-knightley,http://awallpapersimages.com/wp-content/uploads/2016/07/9-wallpaper-keira-knightley-beautiful-images-1.jpeg
keira-knightley,http://liveforfilms.files.wordpress.com/2009/10/600full-keira-knightley.jpg
keira-knightley,http://heightandweights.com/wp-content/uploads/2014/10/keira-knightley-hot.jpg
keira-knightley,http://cdn.yournextshoes.com/wp-content/uploads/2014/11/Keira-Knightley-in-White-Giambattista-Valli-Dress.jpg
keira-knightley,https://pbs.twimg.com/profile_images/460404842951741440/Uky50viL.png
keira-knightley,https://www.thewrap.com/wp-content/uploads/2016/02/Keira-Knightley-1.jpg
keira-knightley,https://www.lizandliz.com/media/catalog/product/cache/4/image/9df78eab33525d08d6e5fb8d27136e95/k/e/keira-knightley-coco-mademoiselle-red-dress-1.jpg
keira-knightley,https://media.allure.com/photos/5771a1f98d432b9e20f91370/3:4/w_767/beauty-trends-blogs-daily-beauty-reporter-2015-01-11-keira-knightley-golden-globes-berry-makeup-chanel.jpg.jpg
keira-knightley,https://cdn3.whatculture.com/images/2014/01/keira-knightley-600x400.jpg
keira-knightley,http://www.celebzz.com/wp-content/uploads/2016/09/keira-knightley-spotted-out-and-about-in-london_1.jpg
keira-knightley,https://imagesvc.timeincapp.com/v3/mm/image?url=https%3A%2F%2Fpeopledotcom.files.wordpress.com%2F2016%2F08%2Fkeira-knightly-300-1.jpg%3Fw%3D300&w=700&q=85
keira-knightley,https://beautyeditor.ca/.image/t_share/MTE5NDg0MDYzMTEzNzA5MDcx/keira-knightley-anna-karenina-la-premiere-2012-3.jpg
keira-knightley,https://media.glamour.com/photos/5696db88fbaa9ddf585578de/master/pass/weddings-2015-02-2-keira-knightley-oscars-2015-valentino-hair-headband-chanel-0223-getty-main.jpg
keira-knightley,https://data.whicdn.com/images/76507842/original.gif
keira-knightley,https://www.thesun.co.uk/wp-content/uploads/2016/08/nintchdbpict000003165302.jpg?w=779
keira-knightley,http://www.short-haircut.com/wp-content/uploads/2016/05/Keira-Knightley-Pixie-Hair-for-Women.jpg
keira-knightley,https://www.theplace2.ru/archive/keira_knightley/img/keira_knightley_chan.jpg
keira-knightley,http://wallpapersboom.net/wp-content/uploads/2015/03/2632_keira_knightley.jpg
keira-knightley,https://www.fashiongonerogue.com/wp-content/uploads/2017/04/Chanel-Fine-Jewellery-Keira-Knightley-Campaign.jpg
keira-knightley,http://elleuk.cdnds.net/15/37/768x1024/768x1024-711-7f51011060abhttp-s3-eu-west-1-amazonaws-com-ee-elleuk-keira-knightley-february-2015-news-rex-jpg.jpg
keira-knightley,https://upload.wikimedia.org/wikipedia/commons/thumb/d/d3/Keira_Knightley_at_BAFTA_Film_Awards_2008.jpg/200px-Keira_Knightley_at_BAFTA_Film_Awards_2008.jpg
keira-knightley,http://s.newsweek.com/sites/www.newsweek.com/files/styles/lg/public/2016/10/31/keira-knightley.jpg
keira-knightley,http://static.celebuzz.com/uploads/2013/01/10/kiera-knightley-pride-prejudice-011013-600x450.jpg
keira-knightley,https://s-i.huffpost.com/gen/1657258/thumbs/o-KEIRA-KNIGHTLEY-900.jpg?15
keira-knightley,http://www.hecklerspray.com/wp-content/uploads/2012/09/Keira-Knightley-0640-thumb-500x375-32760.jpg
keira-knightley,https://cdn.cliqueinc.com/posts/180636/keira-knightley-shearling-outfit-180636-1451423935-promo.300x0c.jpg
keira-knightley,http://image.boomsbeat.com/data/images/full/151102/keira-knightley-1-jpg.jpg
keira-knightley,https://cdn.flickeringmyth.com/wp-content/uploads/2017/10/Keira-Knightley-600x400.jpg
keira-knightley,http://s3.amazonaws.com/files.wdaily.ca/styles/content_primary_image/s3/keira-knightley-baby-name.jpg?itok=o1pp19jS
keira-knightley,https://www.hellomagazine.com/imagenes/celebrities/2016120835105/Keira-Knightley-life-baby-daughter-Edie/0-186-803/keira-t.jpg
keira-knightley,http://cdn2-www.afterellen.com/assets/uploads/images/Knightley.jpg
keira-knightley,http://payload408.cargocollective.com/1/17/545674/10471902/KeiraKnightley-DavidBellemere-2_1816.jpg
keira-knightley,http://img.morphthing.com/i/241328/2/0/5e6195d0/Winona-Ryder-and-Keira-Knightley.jpeg
keira-knightley,http://74.207.236.101/wp-content/uploads/2014/04/Keira-Knightley-Blonde-Bob-Hairstyle1.jpg
keira-knightley,https://resize-public.ladmedia.fr/img/var/public/storage/images/bios/keira-knightley-2823/23481-2-fre-FR/Keira-Knightley.jpg
keira-knightley,https://m.aceshowbiz.com/images/news-medium/2015/02/keira-knightley-reenacts-when-harry-met-sally-orgasm-scene.jpg
keira-knightley,http://www.buro247.me/images/B_VqRgoUgAAGGhq.png
keira-knightley,"https://timesofindia.indiatimes.com/thumb/msid-62554057,width-400,resizemode-4/62554057.jpg"
keira-knightley,"https://media.wmagazine.com/photos/584b19d552aec8366a780276/master/w_320,c_limit/2.jpg"
keira-knightley,https://media.gettyimages.com/photos/actress-keira-knightley-attends-the-chanel-fine-jewelry-dinner-in-of-picture-id599803688?s=612x612
keira-knightley,https://i.ytimg.com/vi/VOjHM8cWf9g/hqdefault.jpg
keira-knightley,http://static.businessinsider.com/image/539f30caeab8eaed5b5f9f71-750.jpg
keira-knightley,http://images.rottentomatoes.com/images/spotlights/2008/rtuk_feature_keira_knightley_01.jpg
keira-knightley,http://www.keysbase.com/wallpaper/keira-knightley/keira-knightley-83552.jpg
keira-knightley,https://hairstyles.thehairstyler.com/hairstyle_views/left_view_images/9645/original/Keira-Knightley.jpg
keira-knightley,"https://hips.hearstapps.com/hmg-prod.s3.amazonaws.com/images/keiraknightleybangs-1519617055.jpg?crop=1xw:1xh;center,top&resize=480:*"
keira-knightley,http://www4.pictures.zimbio.com/pc/Keira+Knightley+Mark+Ruffalo+hang+around+outdoor+kYda_UNAqHWl.jpg
keira-knightley,https://i.pinimg.com/736x/92/80/d2/9280d26fd9faa01ba6314abcfdfe1462--keira-knightley-actresses.jpg
keira-knightley,https://media1.popsugar-assets.com/files/thumbor/zEz910KpgUF3hEJdcLQYqiz-tLE/fit-in/2048xorig/filters:format_auto-!!-:strip_icc-!!-/2018/01/18/667/n/1922283/tmp_sGu7mj_4dba3b7d412be217_MCDPRAN_EC027.jpg
keira-knightley,http://latestplasticsurgery.com/wp-content/uploads/2017/09/Keira-Knightley-teeth-2017.jpg
keira-knightley,http://starschanges.com/wp-content/uploads/2016/06/keira-knightley-family-6.jpg
keira-knightley,https://s-i.huffpost.com/gen/1657247/thumbs/o-KEIRA-KNIGHTLEY-900.jpg?16
keira-knightley,https://ucesy-sk.happyhair.sk/celebrity_img/knightley1sep2208.jpg
keira-knightley,http://elleuk.cdnds.net/15/37/980x1306/980x1306-f59fd620-29f8-11e6-bc66-b3c982891b36-assets-elleuk-com-gallery-16602-1340792935-keira-knightley-jpg.jpg
keira-knightley,https://s-i.huffpost.com/gen/1832889/images/o-KEIRA-KNIGHTLEY-facebook.jpg
keira-knightley,"https://the-hollywood-gossip-res.cloudinary.com/iu/s--ujheGLlI--/t_full/cs_srgb,f_auto,fl_strip_profile.lossy,q_auto:420/v1471643986/keira-knightley-toronto-international-film-fest-2013.jpg"
keira-knightley,http://www.hawtcelebs.com/wp-content/uploads/2017/03/keira-knightley-out-in-london-03-23-2017_1.jpg
keira-knightley,http://images.indianexpress.com/2015/11/keira-knightley-759.jpg
keira-knightley,http://www3.pictures.stylebistro.com/gi/Keira+Knightley+Updos+Chignon+E8aSbYKepizx.jpg
keira-knightley,https://media.glamour.com/photos/5695a82093ef4b09520deab7/1:1/w_352/beauty-2015-01-keira-knightley-updo-red-carpet-main.jpg
keira-knightley,https://s.yimg.com/ny/api/res/1.2/bM.4muczI62LCV1rYVX1LQ--/YXBwaWQ9aGlnaGxhbmRlcjtzbT0xO3c9ODAwO2lsPXBsYW5l/http://41.media.tumblr.com/aec4d1b89914a138de005bafcd86ffa6/tumblr_inline_nzkfzomD8K1twign1_1280.jpg
keira-knightley,https://d.ibtimes.co.uk/en/full/1442593/keira-knightley.jpg?w=736&e=2c5e9f7b47fd63d79c145998d9da751c
keira-knightley,http://pixel.nymag.com/imgs/daily/vulture/2015/10/02/magazine/02-keira-knightley.w529.h352.jpg
keira-knightley,https://theredlist.com/media/database/muses/icon/cinematic_women/2000/keira-knightley/004-keira-knightley-theredlist.jpg
keira-knightley,https://www.famousbirthdays.com/faces/knightley-keira-image.jpg
keira-knightley,https://www.short-haircut.com/wp-content/uploads/2016/05/Keira-Knightley-Messy-Pixie-396x300.jpg
keira-knightley,https://pixel.nymag.com/imgs/fashion/daily/2016/11/16/16-keira-knightley.w710.h473.2x.jpg
keira-knightley,http://cdn01.cdn.justjared.com/wp-content/uploads/2007/08/venice-keira/venice-film-festival-keira-knightley-05.jpg
keira-knightley,https://slodive.com/wp-content/uploads/2012/08/keira-knightley-short-hair/keira-knightley.jpg
keira-knightley,http://assets.nydailynews.com/polopoly_fs/1.1048991.1360092081!/img/httpImage/image.jpg_gen/derivatives/landscape_1200/keira-knightley.jpg
keira-knightley,http://celebmafia.com/wp-content/uploads/2017/01/keira-knightley-instyle-deutschland-february-2017-issue-1.jpg
keira-knightley,https://www.betrendsetter.com/wp-content/uploads/2017/06/keira-knightley-pirates-of-the-caribbean-2017.jpg
keira-knightley,https://i2.wp.com/www.tor.com/wp-content/uploads/2016/02/KeiraCable.jpg?fit=0%2C%209999&crop=0%2C0%2C100%2C100
keira-knightley,https://secure.i.telegraph.co.uk/multimedia/archive/03488/Keira_Knightley_3488153b.jpg
keira-knightley,http://7-themes.com/data_images/out/76/7031227-keira-knightley.jpg
keira-knightley,https://vignette.wikia.nocookie.net/horrorfanon/images/7/71/Keira-Knightley.jpg/revision/latest?cb=20141122221719
keira-knightley,http://cdn01.dailycaller.com/wp-content/uploads/2017/10/Keira-Knightley-1-435x620.jpg
keira-knightley,https://hips.hearstapps.com/harpersbazaaruk.cdnds.net/16/33/1471421972-keira-knightley-nutcracker.jpg?resize=480:*
keira-knightley,http://cdn.skim.gs/image/upload/v1456340116/msi/keira-knightley-short-hair_jk4zzk.jpg
keira-knightley,https://beautyeditor.ca/.image/t_share/MTIxNDI3Mjk1OTE5OTY1NzA5/keira-knightley-tribeca-film-festival-2014-2.jpg
keira-knightley,https://vg-images.condecdn.net/image/7LXbaQPO9MG/crop/200/square/f/keira-knightley-beauty-vogue-23may16-pa_b.jpg
keira-knightley,https://hdwallsource.com/img/2014/18/keira-knightley-3769.jpg
keira-knightley,http://stealherstyle.net/wp-content/uploads/2015/02/keira-knightley-makeup-4-500x500.jpg
keira-knightley,https://drnorth.files.wordpress.com/2010/03/keira-knightley-keira-knightley.jpg
keira-knightley,http://worldsoccertalk.com/wp-content/uploads/2014/11/keira-knightley.png
keira-knightley,https://qph.fs.quoracdn.net/main-qimg-b2842ce76bf7f5915cddabf263216886-c
keira-knightley,http://abcnews.go.com/images/Entertainment/PCN-keira-knightley-jef-161101_mn.jpg
keira-knightley,https://cdn1.thr.com/sites/default/files/imagecache/portrait_300x450/2015/02/keira_mu.jpg
keira-knightley,https://img.cinemablend.com/filter:scale/quill/4/8/6/4/3/7/486437affbc539218197c102013e360c7d92ee5f.jpg?mw=600
keira-knightley,https://assets.vogue.com/photos/5877059257520a36770d43ae/master/pass/best-beauty-keira-knightley.jpg
keira-knightley,http://4.bp.blogspot.com/_i_qv8AmFaa8/TFIab3YI8pI/AAAAAAAAAIE/nTGVOjZ2YIY/s1600/Keira_Knightley_333035.jpg
keira-knightley,https://www.belgraviacentre.com/wp-content/uploads/2016/08/Keira-Knightley.jpg
keira-knightley,https://www.ecestaticos.com/imagestatic/clipping/c5f/26e/c5f26e3b8cd108da967c344069686d11/keira-knightley-demuestra-en-los-tribunales-que-no-padece-anorexia.jpg?mtime=1467999144
keira-knightley,https://assets.heart.co.uk/2011/43/changing-style-keira-knightley-6-1319643488-view-1.jpg
keira-knightley,https://img.buzzfeed.com/buzzfeed-static/static/2014-11/11/8/campaign_images/webdr11/21-times-keira-knightley-made-your-jaw-drop-2-10123-1415713728-35_dblbig.jpg
keira-knightley,http://4everstatic.com/pictures/people/actors-and-actresses/keira-knightley-188507.jpg
keira-knightley,https://wallpaperclicker.com/storage/wallpaper/Keira-Knightley-smile-74919680.jpg
keira-knightley,http://i.dailymail.co.uk/i/pix/2016/09/28/17/38E1747000000578-0-image-a-1_1475080112001.jpg
keira-knightley,https://nyppagesix.files.wordpress.com/2016/08/keira.jpg?quality=90&strip=all
keira-knightley,https://fimgs.net/himg/o.53953.jpg
keira-knightley,https://imagesvc.timeincuk.net/v3/keystone/image?url=http://ksassets.timeincuk.net/wp/uploads/sites/46/2018/02/keira-knightley-920x518.jpg&q=82
keira-knightley,https://charlie-p-2ac84d7056ca7f9d.s3.amazonaws.com/clips/thumbnails/000/017/335/feat_full/1HY9Q11_026_lt.jpg?1460126841
keira-knightley,http://cdn.collider.com/wp-content/uploads/seeking-a-friend-for-the-end-of-the-world-movie-image-keira-knightley-2.jpg
keira-knightley,https://i.ytimg.com/vi/xkDaZ5i4k80/maxresdefault.jpg
keira-knightley,https://cdn.pursuitist.com/wp-content/uploads/2016/06/knightley2.jpg
keira-knightley,https://screenrant.com/wp-content/uploads/2017/12/Disney-Nutcracker-and-the-Four-Realms-Keira-Knightley.jpg
keira-knightley,https://peopledotcom.files.wordpress.com/2016/12/keira-knightley.jpg?w=2000
keira-knightley,http://www.unitedagents.co.uk/sites/default/files/boo.jpg
keira-knightley,http://74.207.236.101/wp-content/uploads/2014/04/Keira-Knightley-Finger-Waves1.jpg
keira-knightley,https://media.wmagazine.com/photos/584b19e940bf5ffa2deb9336/1:1/w_767/11.jpg
keira-knightley,http://www.scrup.com/inthenews/keiraknightley/KeiraKnightley1.jpg
keira-knightley,http://c8.alamy.com/comp/BPJX13/keira-knightley-pirates-of-the-caribbean-the-curse-of-the-black-pearl-BPJX13.jpg
keira-knightley,http://www.imfdb.org/images/thumb/9/92/Domino-PistolCU_02a.jpg/400px-Domino-PistolCU_02a.jpg
keira-knightley,"https://media.allure.com/photos/5771a8533b5256713da4bb25/1:1/w_447,c_limit/hair-ideas-2014-10-keira-knightley-deep-side-part.jpg"
keira-knightley,http://cdn-img.instyle.com/sites/default/files/styles/684xflex/public/images/2016/09/091516-keira-knightley-lead.jpg?itok=vw9OqTSk
keira-knightley,http://images.amcnetworks.com/bbcamerica.com/wp-content/uploads/2017/04/anglo_2000x1125_keiraknightley-e1492605914437-1600x721.jpg
keira-knightley,http://photos.imageevent.com/afap/wallpapers/stars/keiraknightley//Keira%20Knightley%20--8.jpg
keira-knightley,http://i.perezhilton.com/wp-content/uploads/2016/05/keira-knightley-directors-defense-response-john-carney__oPt.jpg
keira-knightley,http://akns-images.eonline.com/eol_images/Entire_Site/2014217/rs_560x374-140317154345-1024-chanel-coco-mademoiselle-keira-knightley-1.jpg?fit=inside|900:auto&output-quality=100
keira-knightley,https://gl-images.condecdn.net/image/On5xmj6z74o/crop/200/square
keira-knightley,https://i.pinimg.com/originals/ef/de/ba/efdebab97929f388c93e1326dccbb76b.jpg
keira-knightley,http://cdn1-www.beautyriot.com/assets/uploads/gallery/keira-knightley/keira-knightley-updo-tousled-romantic.jpg