1,./aligned-images/Gerhard_Schroeder/Gerhard_Schroeder_0048.png
1,./aligned-images/Gerhard_Schroeder/Gerhard_Schroeder_0037.png
1,./aligned-images/Gerhard_Schroeder/Gerhard_Schroeder_0040.png
1,./aligned-images/Gerhard_Schroeder/Gerhard_Schroeder_0067.png
1,./aligned-images/Gerhard_Schroeder/Gerhard_Schroeder_0099.png
1,./aligned-images/Gerhard_Schroeder/Gerhard_Schroeder_0001.png
1,./aligned-images/Gerhard_Schroeder/Gerhard_Schroeder_0095.png
1,./aligned-images/Gerhard_Schroeder/Gerhard_Schroeder_0005.png
1,./aligned-images/Gerhard_Schroeder/Gerhard_Schroeder_0004.png
1,./aligned-images/Gerhard_Schroeder/Gerhard_Schroeder_0013.png
1,./aligned-images/Gerhard_Schroeder/Gerhard_Schroeder_0021.png
1,./aligned-images/Gerhard_Schroeder/Gerhard_Schroeder_0036.png
1,./aligned-images/Gerhard_Schroeder/Gerhard_Schroeder_0031.png
1,./aligned-images/Gerhard_Schroeder/Gerhard_Schroeder_0108.png
1,./aligned-images/Gerhard_Schroeder/Gerhard_Schroeder_0068.png
1,./aligned-images/Gerhard_Schroeder/Gerhard_Schroeder_0024.png
1,./aligned-images/Gerhard_Schroeder/Gerhard_Schroeder_0060.png
1,./aligned-images/Gerhard_Schroeder/Gerhard_Schroeder_0019.png
1,./aligned-images/Gerhard_Schroeder/Gerhard_Schroeder_0093.png
1,./aligned-images/Gerhard_Schroeder/Gerhard_Schroeder_0107.png
1,./aligned-images/Gerhard_Schroeder/Gerhard_Schroeder_0080.png
1,./aligned-images/Gerhard_Schroeder/Gerhard_Schroeder_0033.png
1,./aligned-images/Gerhard_Schroeder/Gerhard_Schroeder_0104.png
1,./aligned-images/Gerhard_Schroeder/Gerhard_Schroeder_0098.png
1,./aligned-images/Gerhard_Schroeder/Gerhard_Schroeder_0089.png
1,./aligned-images/Gerhard_Schroeder/Gerhard_Schroeder_0006.png
1,./aligned-images/Gerhard_Schroeder/Gerhard_Schroeder_0027.png
1,./aligned-images/Gerhard_Schroeder/Gerhard_Schroeder_0070.png
1,./aligned-images/Gerhard_Schroeder/Gerhard_Schroeder_0039.png
1,./aligned-images/Gerhard_Schroeder/Gerhard_Schroeder_0030.png
1,./aligned-images/Gerhard_Schroeder/Gerhard_Schroeder_0017.png
1,./aligned-images/Gerhard_Schroeder/Gerhard_Schroeder_0087.png
1,./aligned-images/Gerhard_Schroeder/Gerhard_Schroeder_0100.png
1,./aligned-images/Gerhard_Schroeder/Gerhard_Schroeder_0071.png
1,./aligned-images/Gerhard_Schroeder/Gerhard_Schroeder_0049.png
1,./aligned-images/Gerhard_Schroeder/Gerhard_Schroeder_0105.png
1,./aligned-images/Gerhard_Schroeder/Gerhard_Schroeder_0102.png
1,./aligned-images/Gerhard_Schroeder/Gerhard_Schroeder_0014.png
1,./aligned-images/Gerhard_Schroeder/Gerhard_Schroeder_0034.png
1,./aligned-images/Gerhard_Schroeder/Gerhard_Schroeder_0020.png
1,./aligned-images/Gerhard_Schroeder/Gerhard_Schroeder_0109.png
1,./aligned-images/Gerhard_Schroeder/Gerhard_Schroeder_0084.png
1,./aligned-images/Gerhard_Schroeder/Gerhard_Schroeder_0043.png
1,./aligned-images/Gerhard_Schroeder/Gerhard_Schroeder_0056.png
1,./aligned-images/Gerhard_Schroeder/Gerhard_Schroeder_0015.png
1,./aligned-images/Gerhard_Schroeder/Gerhard_Schroeder_0018.png
1,./aligned-images/Gerhard_Schroeder/Gerhard_Schroeder_0050.png
1,./aligned-images/Gerhard_Schroeder/Gerhard_Schroeder_0062.png
1,./aligned-images/Gerhard_Schroeder/Gerhard_Schroeder_0052.png
1,./aligned-images/Gerhard_Schroeder/Gerhard_Schroeder_0091.png
1,./aligned-images/Gerhard_Schroeder/Gerhard_Schroeder_0103.png
1,./aligned-images/Gerhard_Schroeder/Gerhard_Schroeder_0047.png
1,./aligned-images/Gerhard_Schroeder/Gerhard_Schroeder_0038.png
1,./aligned-images/Gerhard_Schroeder/Gerhard_Schroeder_0059.png
1,./aligned-images/Gerhard_Schroeder/Gerhard_Schroeder_0073.png
1,./aligned-images/Gerhard_Schroeder/Gerhard_Schroeder_0090.png
1,./aligned-images/Gerhard_Schroeder/Gerhard_Schroeder_0077.png
1,./aligned-images/Gerhard_Schroeder/Gerhard_Schroeder_0051.png
1,./aligned-images/Gerhard_Schroeder/Gerhard_Schroeder_0012.png
1,./aligned-images/Gerhard_Schroeder/Gerhard_Schroeder_0054.png
1,./aligned-images/Gerhard_Schroeder/Gerhard_Schroeder_0008.png
1,./aligned-images/Gerhard_Schroeder/Gerhard_Schroeder_0063.png
1,./aligned-images/Gerhard_Schroeder/Gerhard_Schroeder_0058.png
1,./aligned-images/Gerhard_Schroeder/Gerhard_Schroeder_0044.png
1,./aligned-images/Gerhard_Schroeder/Gerhard_Schroeder_0088.png
1,./aligned-images/Gerhard_Schroeder/Gerhard_Schroeder_0069.png
1,./aligned-images/Gerhard_Schroeder/Gerhard_Schroeder_0029.png
1,./aligned-images/Gerhard_Schroeder/Gerhard_Schroeder_0094.png
1,./aligned-images/Gerhard_Schroeder/Gerhard_Schroeder_0064.png
1,./aligned-images/Gerhard_Schroeder/Gerhard_Schroeder_0042.png
1,./aligned-images/Gerhard_Schroeder/Gerhard_Schroeder_0055.png
1,./aligned-images/Gerhard_Schroeder/Gerhard_Schroeder_0041.png
1,./aligned-images/Gerhard_Schroeder/Gerhard_Schroeder_0016.png
1,./aligned-images/Gerhard_Schroeder/Gerhard_Schroeder_0085.png
1,./aligned-images/Gerhard_Schroeder/Gerhard_Schroeder_0078.png
1,./aligned-images/Gerhard_Schroeder/Gerhard_Schroeder_0096.png
1,./aligned-images/Gerhard_Schroeder/Gerhard_Schroeder_0057.png
1,./aligned-images/Gerhard_Schroeder/Gerhard_Schroeder_0086.png
1,./aligned-images/Gerhard_Schroeder/Gerhard_Schroeder_0061.png
1,./aligned-images/Gerhard_Schroeder/Gerhard_Schroeder_0074.png
1,./aligned-images/Gerhard_Schroeder/Gerhard_Schroeder_0045.png
1,./aligned-images/Gerhard_Schroeder/Gerhard_Schroeder_0025.png
1,./aligned-images/Gerhard_Schroeder/Gerhard_Schroeder_0092.png
1,./aligned-images/Gerhard_Schroeder/Gerhard_Schroeder_0026.png
1,./aligned-images/Gerhard_Schroeder/Gerhard_Schroeder_0035.png
1,./aligned-images/Gerhard_Schroeder/Gerhard_Schroeder_0083.png
1,./aligned-images/Gerhard_Schroeder/Gerhard_Schroeder_0003.png
1,./aligned-images/Gerhard_Schroeder/Gerhard_Schroeder_0028.png
1,./aligned-images/Gerhard_Schroeder/Gerhard_Schroeder_0002.png
1,./aligned-images/Gerhard_Schroeder/Gerhard_Schroeder_0023.png
1,./aligned-images/Gerhard_Schroeder/Gerhard_Schroeder_0101.png
1,./aligned-images/Gerhard_Schroeder/Gerhard_Schroeder_0082.png
1,./aligned-images/Gerhard_Schroeder/Gerhard_Schroeder_0046.png
1,./aligned-images/Gerhard_Schroeder/Gerhard_Schroeder_0076.png
1,./aligned-images/Gerhard_Schroeder/Gerhard_Schroeder_0009.png
1,./aligned-images/Gerhard_Schroeder/Gerhard_Schroeder_0072.png
1,./aligned-images/Gerhard_Schroeder/Gerhard_Schroeder_0053.png
1,./aligned-images/Gerhard_Schroeder/Gerhard_Schroeder_0106.png
1,./aligned-images/Gerhard_Schroeder/Gerhard_Schroeder_0065.png
1,./aligned-images/Gerhard_Schroeder/Gerhard_Schroeder_0032.png
1,./aligned-images/Gerhard_Schroeder/Gerhard_Schroeder_0022.png
1,./aligned-images/Gerhard_Schroeder/Gerhard_Schroeder_0011.png
1,./aligned-images/Gerhard_Schroeder/Gerhard_Schroeder_0081.png
1,./aligned-images/Gerhard_Schroeder/Gerhard_Schroeder_0075.png
1,./aligned-images/Gerhard_Schroeder/Gerhard_Schroeder_0010.png
1,./aligned-images/Gerhard_Schroeder/Gerhard_Schroeder_0007.png
1,./aligned-images/Gerhard_Schroeder/Gerhard_Schroeder_0066.png
1,./aligned-images/Gerhard_Schroeder/Gerhard_Schroeder_0097.png
1,./aligned-images/Gerhard_Schroeder/Gerhard_Schroeder_0079.png
2,./aligned-images/Colin_Powell/Colin_Powell_0048.png
2,./aligned-images/Colin_Powell/Colin_Powell_0068.png
2,./aligned-images/Colin_Powell/Colin_Powell_0016.png
2,./aligned-images/Colin_Powell/Colin_Powell_0203.png
2,./aligned-images/Colin_Powell/Colin_Powell_0096.png
2,./aligned-images/Colin_Powell/Colin_Powell_0185.png
2,./aligned-images/Colin_Powell/Colin_Powell_0182.png
2,./aligned-images/Colin_Powell/Colin_Powell_0037.png
2,./aligned-images/Colin_Powell/Colin_Powell_0108.png
2,./aligned-images/Colin_Powell/Colin_Powell_0136.png
2,./aligned-images/Colin_Powell/Colin_Powell_0093.png
2,./aligned-images/Colin_Powell/Colin_Powell_0098.png
2,./aligned-images/Colin_Powell/Colin_Powell_0115.png
2,./aligned-images/Colin_Powell/Colin_Powell_0211.png
2,./aligned-images/Colin_Powell/Colin_Powell_0063.png
2,./aligned-images/Colin_Powell/Colin_Powell_0125.png
2,./aligned-images/Colin_Powell/Colin_Powell_0100.png
2,./aligned-images/Colin_Powell/Colin_Powell_0045.png
2,./aligned-images/Colin_Powell/Colin_Powell_0221.png
2,./aligned-images/Colin_Powell/Colin_Powell_0075.png
2,./aligned-images/Colin_Powell/Colin_Powell_0042.png
2,./aligned-images/Colin_Powell/Colin_Powell_0032.png
2,./aligned-images/Colin_Powell/Colin_Powell_0153.png
2,./aligned-images/Colin_Powell/Colin_Powell_0023.png
2,./aligned-images/Colin_Powell/Colin_Powell_0103.png
2,./aligned-images/Colin_Powell/Colin_Powell_0027.png
2,./aligned-images/Colin_Powell/Colin_Powell_0033.png
2,./aligned-images/Colin_Powell/Colin_Powell_0097.png
2,./aligned-images/Colin_Powell/Colin_Powell_0079.png
2,./aligned-images/Colin_Powell/Colin_Powell_0200.png
2,./aligned-images/Colin_Powell/Colin_Powell_0222.png
2,./aligned-images/Colin_Powell/Colin_Powell_0111.png
2,./aligned-images/Colin_Powell/Colin_Powell_0217.png
2,./aligned-images/Colin_Powell/Colin_Powell_0058.png
2,./aligned-images/Colin_Powell/Colin_Powell_0110.png
2,./aligned-images/Colin_Powell/Colin_Powell_0024.png
2,./aligned-images/Colin_Powell/Colin_Powell_0234.png
2,./aligned-images/Colin_Powell/Colin_Powell_0218.png
2,./aligned-images/Colin_Powell/Colin_Powell_0195.png
2,./aligned-images/Colin_Powell/Colin_Powell_0131.png
2,./aligned-images/Colin_Powell/Colin_Powell_0035.png
2,./aligned-images/Colin_Powell/Colin_Powell_0028.png
2,./aligned-images/Colin_Powell/Colin_Powell_0158.png
2,./aligned-images/Colin_Powell/Colin_Powell_0146.png
2,./aligned-images/Colin_Powell/Colin_Powell_0226.png
2,./aligned-images/Colin_Powell/Colin_Powell_0212.png
2,./aligned-images/Colin_Powell/Colin_Powell_0183.png
2,./aligned-images/Colin_Powell/Colin_Powell_0034.png
2,./aligned-images/Colin_Powell/Colin_Powell_0122.png
2,./aligned-images/Colin_Powell/Colin_Powell_0095.png
2,./aligned-images/Colin_Powell/Colin_Powell_0129.png
2,./aligned-images/Colin_Powell/Colin_Powell_0057.png
2,./aligned-images/Colin_Powell/Colin_Powell_0213.png
2,./aligned-images/Colin_Powell/Colin_Powell_0227.png
2,./aligned-images/Colin_Powell/Colin_Powell_0126.png
2,./aligned-images/Colin_Powell/Colin_Powell_0002.png
2,./aligned-images/Colin_Powell/Colin_Powell_0233.png
2,./aligned-images/Colin_Powell/Colin_Powell_0031.png
2,./aligned-images/Colin_Powell/Colin_Powell_0164.png
2,./aligned-images/Colin_Powell/Colin_Powell_0140.png
2,./aligned-images/Colin_Powell/Colin_Powell_0230.png
2,./aligned-images/Colin_Powell/Colin_Powell_0116.png
2,./aligned-images/Colin_Powell/Colin_Powell_0171.png
2,./aligned-images/Colin_Powell/Colin_Powell_0020.png
2,./aligned-images/Colin_Powell/Colin_Powell_0072.png
2,./aligned-images/Colin_Powell/Colin_Powell_0102.png
2,./aligned-images/Colin_Powell/Colin_Powell_0015.png
2,./aligned-images/Colin_Powell/Colin_Powell_0050.png
2,./aligned-images/Colin_Powell/Colin_Powell_0060.png
2,./aligned-images/Colin_Powell/Colin_Powell_0161.png
2,./aligned-images/Colin_Powell/Colin_Powell_0121.png
2,./aligned-images/Colin_Powell/Colin_Powell_0083.png
2,./aligned-images/Colin_Powell/Colin_Powell_0010.png
2,./aligned-images/Colin_Powell/Colin_Powell_0189.png
2,./aligned-images/Colin_Powell/Colin_Powell_0152.png
2,./aligned-images/Colin_Powell/Colin_Powell_0159.png
2,./aligned-images/Colin_Powell/Colin_Powell_0056.png
2,./aligned-images/Colin_Powell/Colin_Powell_0078.png
2,./aligned-images/Colin_Powell/Colin_Powell_0169.png
2,./aligned-images/Colin_Powell/Colin_Powell_0067.png
2,./aligned-images/Colin_Powell/Colin_Powell_0053.png
2,./aligned-images/Colin_Powell/Colin_Powell_0202.png
2,./aligned-images/Colin_Powell/Colin_Powell_0114.png
2,./aligned-images/Colin_Powell/Colin_Powell_0119.png
2,./aligned-images/Colin_Powell/Colin_Powell_0118.png
2,./aligned-images/Colin_Powell/Colin_Powell_0168.png
2,./aligned-images/Colin_Powell/Colin_Powell_0003.png
2,./aligned-images/Colin_Powell/Colin_Powell_0215.png
2,./aligned-images/Colin_Powell/Colin_Powell_0220.png
2,./aligned-images/Colin_Powell/Colin_Powell_0040.png
2,./aligned-images/Colin_Powell/Colin_Powell_0166.png
2,./aligned-images/Colin_Powell/Colin_Powell_0191.png
2,./aligned-images/Colin_Powell/Colin_Powell_0177.png
2,./aligned-images/Colin_Powell/Colin_Powell_0186.png
2,./aligned-images/Colin_Powell/Colin_Powell_0231.png
2,./aligned-images/Colin_Powell/Colin_Powell_0070.png
2,./aligned-images/Colin_Powell/Colin_Powell_0012.png
2,./aligned-images/Colin_Powell/Colin_Powell_0052.png
2,./aligned-images/Colin_Powell/Colin_Powell_0051.png
2,./aligned-images/Colin_Powell/Colin_Powell_0137.png
2,./aligned-images/Colin_Powell/Colin_Powell_0009.png
2,./aligned-images/Colin_Powell/Colin_Powell_0206.png
2,./aligned-images/Colin_Powell/Colin_Powell_0138.png
2,./aligned-images/Colin_Powell/Colin_Powell_0036.png
2,./aligned-images/Colin_Powell/Colin_Powell_0229.png
2,./aligned-images/Colin_Powell/Colin_Powell_0047.png
2,./aligned-images/Colin_Powell/Colin_Powell_0210.png
2,./aligned-images/Colin_Powell/Colin_Powell_0105.png
2,./aligned-images/Colin_Powell/Colin_Powell_0088.png
2,./aligned-images/Colin_Powell/Colin_Powell_0017.png
2,./aligned-images/Colin_Powell/Colin_Powell_0106.png
2,./aligned-images/Colin_Powell/Colin_Powell_0236.png
2,./aligned-images/Colin_Powell/Colin_Powell_0149.png
2,./aligned-images/Colin_Powell/Colin_Powell_0184.png
2,./aligned-images/Colin_Powell/Colin_Powell_0172.png
2,./aligned-images/Colin_Powell/Colin_Powell_0043.png
2,./aligned-images/Colin_Powell/Colin_Powell_0008.png
2,./aligned-images/Colin_Powell/Colin_Powell_0044.png
2,./aligned-images/Colin_Powell/Colin_Powell_0133.png
2,./aligned-images/Colin_Powell/Colin_Powell_0165.png
2,./aligned-images/Colin_Powell/Colin_Powell_0073.png
2,./aligned-images/Colin_Powell/Colin_Powell_0225.png
2,./aligned-images/Colin_Powell/Colin_Powell_0180.png
2,./aligned-images/Colin_Powell/Colin_Powell_0201.png
2,./aligned-images/Colin_Powell/Colin_Powell_0039.png
2,./aligned-images/Colin_Powell/Colin_Powell_0142.png
2,./aligned-images/Colin_Powell/Colin_Powell_0006.png
2,./aligned-images/Colin_Powell/Colin_Powell_0120.png
2,./aligned-images/Colin_Powell/Colin_Powell_0208.png
2,./aligned-images/Colin_Powell/Colin_Powell_0041.png
2,./aligned-images/Colin_Powell/Colin_Powell_0082.png
2,./aligned-images/Colin_Powell/Colin_Powell_0134.png
2,./aligned-images/Colin_Powell/Colin_Powell_0151.png
2,./aligned-images/Colin_Powell/Colin_Powell_0179.png
2,./aligned-images/Colin_Powell/Colin_Powell_0175.png
2,./aligned-images/Colin_Powell/Colin_Powell_0089.png
2,./aligned-images/Colin_Powell/Colin_Powell_0094.png
2,./aligned-images/Colin_Powell/Colin_Powell_0145.png
2,./aligned-images/Colin_Powell/Colin_Powell_0087.png
2,./aligned-images/Colin_Powell/Colin_Powell_0086.png
2,./aligned-images/Colin_Powell/Colin_Powell_0091.png
2,./aligned-images/Colin_Powell/Colin_Powell_0199.png
2,./aligned-images/Colin_Powell/Colin_Powell_0219.png
2,./aligned-images/Colin_Powell/Colin_Powell_0176.png
2,./aligned-images/Colin_Powell/Colin_Powell_0014.png
2,./aligned-images/Colin_Powell/Colin_Powell_0178.png
2,./aligned-images/Colin_Powell/Colin_Powell_0084.png
2,./aligned-images/Colin_Powell/Colin_Powell_0170.png
2,./aligned-images/Colin_Powell/Colin_Powell_0174.png
2,./aligned-images/Colin_Powell/Colin_Powell_0104.png
2,./aligned-images/Colin_Powell/Colin_Powell_0019.png
2,./aligned-images/Colin_Powell/Colin_Powell_0216.png
2,./aligned-images/Colin_Powell/Colin_Powell_0011.png
2,./aligned-images/Colin_Powell/Colin_Powell_0147.png
2,./aligned-images/Colin_Powell/Colin_Powell_0139.png
2,./aligned-images/Colin_Powell/Colin_Powell_0062.png
2,./aligned-images/Colin_Powell/Colin_Powell_0107.png
2,./aligned-images/Colin_Powell/Colin_Powell_0059.png
2,./aligned-images/Colin_Powell/Colin_Powell_0022.png
2,./aligned-images/Colin_Powell/Colin_Powell_0080.png
2,./aligned-images/Colin_Powell/Colin_Powell_0155.png
2,./aligned-images/Colin_Powell/Colin_Powell_0092.png
2,./aligned-images/Colin_Powell/Colin_Powell_0054.png
2,./aligned-images/Colin_Powell/Colin_Powell_0128.png
2,./aligned-images/Colin_Powell/Colin_Powell_0066.png
2,./aligned-images/Colin_Powell/Colin_Powell_0069.png
2,./aligned-images/Colin_Powell/Colin_Powell_0029.png
2,./aligned-images/Colin_Powell/Colin_Powell_0192.png
2,./aligned-images/Colin_Powell/Colin_Powell_0065.png
2,./aligned-images/Colin_Powell/Colin_Powell_0132.png
2,./aligned-images/Colin_Powell/Colin_Powell_0148.png
2,./aligned-images/Colin_Powell/Colin_Powell_0224.png
2,./aligned-images/Colin_Powell/Colin_Powell_0007.png
2,./aligned-images/Colin_Powell/Colin_Powell_0196.png
2,./aligned-images/Colin_Powell/Colin_Powell_0144.png
2,./aligned-images/Colin_Powell/Colin_Powell_0101.png
2,./aligned-images/Colin_Powell/Colin_Powell_0141.png
2,./aligned-images/Colin_Powell/Colin_Powell_0018.png
2,./aligned-images/Colin_Powell/Colin_Powell_0162.png
2,./aligned-images/Colin_Powell/Colin_Powell_0157.png
2,./aligned-images/Colin_Powell/Colin_Powell_0124.png
2,./aligned-images/Colin_Powell/Colin_Powell_0071.png
2,./aligned-images/Colin_Powell/Colin_Powell_0173.png
2,./aligned-images/Colin_Powell/Colin_Powell_0030.png
2,./aligned-images/Colin_Powell/Colin_Powell_0160.png
2,./aligned-images/Colin_Powell/Colin_Powell_0046.png
2,./aligned-images/Colin_Powell/Colin_Powell_0113.png
2,./aligned-images/Colin_Powell/Colin_Powell_0193.png
2,./aligned-images/Colin_Powell/Colin_Powell_0150.png
2,./aligned-images/Colin_Powell/Colin_Powell_0127.png
2,./aligned-images/Colin_Powell/Colin_Powell_0156.png
2,./aligned-images/Colin_Powell/Colin_Powell_0194.png
2,./aligned-images/Colin_Powell/Colin_Powell_0025.png
2,./aligned-images/Colin_Powell/Colin_Powell_0143.png
2,./aligned-images/Colin_Powell/Colin_Powell_0167.png
2,./aligned-images/Colin_Powell/Colin_Powell_0001.png
2,./aligned-images/Colin_Powell/Colin_Powell_0021.png
2,./aligned-images/Colin_Powell/Colin_Powell_0188.png
2,./aligned-images/Colin_Powell/Colin_Powell_0235.png
2,./aligned-images/Colin_Powell/Colin_Powell_0085.png
2,./aligned-images/Colin_Powell/Colin_Powell_0181.png
2,./aligned-images/Colin_Powell/Colin_Powell_0154.png
2,./aligned-images/Colin_Powell/Colin_Powell_0049.png
2,./aligned-images/Colin_Powell/Colin_Powell_0123.png
2,./aligned-images/Colin_Powell/Colin_Powell_0190.png
2,./aligned-images/Colin_Powell/Colin_Powell_0197.png
2,./aligned-images/Colin_Powell/Colin_Powell_0081.png
2,./aligned-images/Colin_Powell/Colin_Powell_0038.png
2,./aligned-images/Colin_Powell/Colin_Powell_0061.png
2,./aligned-images/Colin_Powell/Colin_Powell_0117.png
2,./aligned-images/Colin_Powell/Colin_Powell_0099.png
2,./aligned-images/Colin_Powell/Colin_Powell_0135.png
2,./aligned-images/Colin_Powell/Colin_Powell_0205.png
2,./aligned-images/Colin_Powell/Colin_Powell_0109.png
2,./aligned-images/Colin_Powell/Colin_Powell_0232.png
2,./aligned-images/Colin_Powell/Colin_Powell_0090.png
2,./aligned-images/Colin_Powell/Colin_Powell_0076.png
2,./aligned-images/Colin_Powell/Colin_Powell_0214.png
2,./aligned-images/Colin_Powell/Colin_Powell_0074.png
2,./aligned-images/Colin_Powell/Colin_Powell_0013.png
2,./aligned-images/Colin_Powell/Colin_Powell_0187.png
2,./aligned-images/Colin_Powell/Colin_Powell_0055.png
2,./aligned-images/Colin_Powell/Colin_Powell_0112.png
2,./aligned-images/Colin_Powell/Colin_Powell_0163.png
2,./aligned-images/Colin_Powell/Colin_Powell_0004.png
2,./aligned-images/Colin_Powell/Colin_Powell_0130.png
2,./aligned-images/Colin_Powell/Colin_Powell_0228.png
2,./aligned-images/Colin_Powell/Colin_Powell_0207.png
2,./aligned-images/Colin_Powell/Colin_Powell_0223.png
2,./aligned-images/Colin_Powell/Colin_Powell_0209.png
2,./aligned-images/Colin_Powell/Colin_Powell_0064.png
2,./aligned-images/Colin_Powell/Colin_Powell_0198.png
2,./aligned-images/Colin_Powell/Colin_Powell_0026.png
2,./aligned-images/Colin_Powell/Colin_Powell_0077.png
2,./aligned-images/Colin_Powell/Colin_Powell_0005.png
2,./aligned-images/Colin_Powell/Colin_Powell_0204.png
3,./aligned-images/Tony_Blair/Tony_Blair_0129.png
3,./aligned-images/Tony_Blair/Tony_Blair_0067.png
3,./aligned-images/Tony_Blair/Tony_Blair_0001.png
3,./aligned-images/Tony_Blair/Tony_Blair_0144.png
3,./aligned-images/Tony_Blair/Tony_Blair_0092.png
3,./aligned-images/Tony_Blair/Tony_Blair_0103.png
3,./aligned-images/Tony_Blair/Tony_Blair_0039.png
3,./aligned-images/Tony_Blair/Tony_Blair_0013.png
3,./aligned-images/Tony_Blair/Tony_Blair_0100.png
3,./aligned-images/Tony_Blair/Tony_Blair_0085.png
3,./aligned-images/Tony_Blair/Tony_Blair_0064.png
3,./aligned-images/Tony_Blair/Tony_Blair_0037.png
3,./aligned-images/Tony_Blair/Tony_Blair_0081.png
3,./aligned-images/Tony_Blair/Tony_Blair_0052.png
3,./aligned-images/Tony_Blair/Tony_Blair_0022.png
3,./aligned-images/Tony_Blair/Tony_Blair_0087.png
3,./aligned-images/Tony_Blair/Tony_Blair_0116.png
3,./aligned-images/Tony_Blair/Tony_Blair_0122.png
3,./aligned-images/Tony_Blair/Tony_Blair_0139.png
3,./aligned-images/Tony_Blair/Tony_Blair_0014.png
3,./aligned-images/Tony_Blair/Tony_Blair_0007.png
3,./aligned-images/Tony_Blair/Tony_Blair_0115.png
3,./aligned-images/Tony_Blair/Tony_Blair_0063.png
3,./aligned-images/Tony_Blair/Tony_Blair_0109.png
3,./aligned-images/Tony_Blair/Tony_Blair_0019.png
3,./aligned-images/Tony_Blair/Tony_Blair_0136.png
3,./aligned-images/Tony_Blair/Tony_Blair_0102.png
3,./aligned-images/Tony_Blair/Tony_Blair_0133.png
3,./aligned-images/Tony_Blair/Tony_Blair_0025.png
3,./aligned-images/Tony_Blair/Tony_Blair_0027.png
3,./aligned-images/Tony_Blair/Tony_Blair_0131.png
3,./aligned-images/Tony_Blair/Tony_Blair_0113.png
3,./aligned-images/Tony_Blair/Tony_Blair_0127.png
3,./aligned-images/Tony_Blair/Tony_Blair_0012.png
3,./aligned-images/Tony_Blair/Tony_Blair_0017.png
3,./aligned-images/Tony_Blair/Tony_Blair_0106.png
3,./aligned-images/Tony_Blair/Tony_Blair_0097.png
3,./aligned-images/Tony_Blair/Tony_Blair_0049.png
3,./aligned-images/Tony_Blair/Tony_Blair_0132.png
3,./aligned-images/Tony_Blair/Tony_Blair_0110.png
3,./aligned-images/Tony_Blair/Tony_Blair_0006.png
3,./aligned-images/Tony_Blair/Tony_Blair_0099.png
3,./aligned-images/Tony_Blair/Tony_Blair_0069.png
3,./aligned-images/Tony_Blair/Tony_Blair_0008.png
3,./aligned-images/Tony_Blair/Tony_Blair_0068.png
3,./aligned-images/Tony_Blair/Tony_Blair_0080.png
3,./aligned-images/Tony_Blair/Tony_Blair_0071.png
3,./aligned-images/Tony_Blair/Tony_Blair_0065.png
3,./aligned-images/Tony_Blair/Tony_Blair_0075.png
3,./aligned-images/Tony_Blair/Tony_Blair_0095.png
3,./aligned-images/Tony_Blair/Tony_Blair_0104.png
3,./aligned-images/Tony_Blair/Tony_Blair_0004.png
3,./aligned-images/Tony_Blair/Tony_Blair_0053.png
3,./aligned-images/Tony_Blair/Tony_Blair_0141.png
3,./aligned-images/Tony_Blair/Tony_Blair_0125.png
3,./aligned-images/Tony_Blair/Tony_Blair_0073.png
3,./aligned-images/Tony_Blair/Tony_Blair_0121.png
3,./aligned-images/Tony_Blair/Tony_Blair_0077.png
3,./aligned-images/Tony_Blair/Tony_Blair_0056.png
3,./aligned-images/Tony_Blair/Tony_Blair_0123.png
3,./aligned-images/Tony_Blair/Tony_Blair_0002.png
3,./aligned-images/Tony_Blair/Tony_Blair_0143.png
3,./aligned-images/Tony_Blair/Tony_Blair_0028.png
3,./aligned-images/Tony_Blair/Tony_Blair_0020.png
3,./aligned-images/Tony_Blair/Tony_Blair_0076.png
3,./aligned-images/Tony_Blair/Tony_Blair_0117.png
3,./aligned-images/Tony_Blair/Tony_Blair_0118.png
3,./aligned-images/Tony_Blair/Tony_Blair_0130.png
3,./aligned-images/Tony_Blair/Tony_Blair_0033.png
3,./aligned-images/Tony_Blair/Tony_Blair_0066.png
3,./aligned-images/Tony_Blair/Tony_Blair_0005.png
3,./aligned-images/Tony_Blair/Tony_Blair_0083.png
3,./aligned-images/Tony_Blair/Tony_Blair_0032.png
3,./aligned-images/Tony_Blair/Tony_Blair_0016.png
3,./aligned-images/Tony_Blair/Tony_Blair_0042.png
3,./aligned-images/Tony_Blair/Tony_Blair_0058.png
3,./aligned-images/Tony_Blair/Tony_Blair_0090.png
3,./aligned-images/Tony_Blair/Tony_Blair_0043.png
3,./aligned-images/Tony_Blair/Tony_Blair_0070.png
3,./aligned-images/Tony_Blair/Tony_Blair_0126.png
3,./aligned-images/Tony_Blair/Tony_Blair_0138.png
3,./aligned-images/Tony_Blair/Tony_Blair_0062.png
3,./aligned-images/Tony_Blair/Tony_Blair_0072.png
3,./aligned-images/Tony_Blair/Tony_Blair_0089.png
3,./aligned-images/Tony_Blair/Tony_Blair_0041.png
3,./aligned-images/Tony_Blair/Tony_Blair_0050.png
3,./aligned-images/Tony_Blair/Tony_Blair_0045.png
3,./aligned-images/Tony_Blair/Tony_Blair_0140.png
3,./aligned-images/Tony_Blair/Tony_Blair_0021.png
3,./aligned-images/Tony_Blair/Tony_Blair_0124.png
3,./aligned-images/Tony_Blair/Tony_Blair_0026.png
3,./aligned-images/Tony_Blair/Tony_Blair_0105.png
3,./aligned-images/Tony_Blair/Tony_Blair_0079.png
3,./aligned-images/Tony_Blair/Tony_Blair_0040.png
3,./aligned-images/Tony_Blair/Tony_Blair_0112.png
3,./aligned-images/Tony_Blair/Tony_Blair_0030.png
3,./aligned-images/Tony_Blair/Tony_Blair_0119.png
3,./aligned-images/Tony_Blair/Tony_Blair_0010.png
3,./aligned-images/Tony_Blair/Tony_Blair_0060.png
3,./aligned-images/Tony_Blair/Tony_Blair_0137.png
3,./aligned-images/Tony_Blair/Tony_Blair_0074.png
3,./aligned-images/Tony_Blair/Tony_Blair_0088.png
3,./aligned-images/Tony_Blair/Tony_Blair_0057.png
3,./aligned-images/Tony_Blair/Tony_Blair_0059.png
3,./aligned-images/Tony_Blair/Tony_Blair_0054.png
3,./aligned-images/Tony_Blair/Tony_Blair_0091.png
3,./aligned-images/Tony_Blair/Tony_Blair_0044.png
3,./aligned-images/Tony_Blair/Tony_Blair_0094.png
3,./aligned-images/Tony_Blair/Tony_Blair_0111.png
3,./aligned-images/Tony_Blair/Tony_Blair_0086.png
3,./aligned-images/Tony_Blair/Tony_Blair_0024.png
3,./aligned-images/Tony_Blair/Tony_Blair_0003.png
3,./aligned-images/Tony_Blair/Tony_Blair_0051.png
3,./aligned-images/Tony_Blair/Tony_Blair_0015.png
3,./aligned-images/Tony_Blair/Tony_Blair_0078.png
3,./aligned-images/Tony_Blair/Tony_Blair_0135.png
3,./aligned-images/Tony_Blair/Tony_Blair_0093.png
3,./aligned-images/Tony_Blair/Tony_Blair_0047.png
3,./aligned-images/Tony_Blair/Tony_Blair_0034.png
3,./aligned-images/Tony_Blair/Tony_Blair_0011.png
3,./aligned-images/Tony_Blair/Tony_Blair_0096.png
3,./aligned-images/Tony_Blair/Tony_Blair_0134.png
3,./aligned-images/Tony_Blair/Tony_Blair_0128.png
3,./aligned-images/Tony_Blair/Tony_Blair_0055.png
3,./aligned-images/Tony_Blair/Tony_Blair_0114.png
3,./aligned-images/Tony_Blair/Tony_Blair_0101.png
3,./aligned-images/Tony_Blair/Tony_Blair_0142.png
3,./aligned-images/Tony_Blair/Tony_Blair_0036.png
3,./aligned-images/Tony_Blair/Tony_Blair_0084.png
3,./aligned-images/Tony_Blair/Tony_Blair_0048.png
3,./aligned-images/Tony_Blair/Tony_Blair_0082.png
3,./aligned-images/Tony_Blair/Tony_Blair_0031.png
3,./aligned-images/Tony_Blair/Tony_Blair_0108.png
3,./aligned-images/Tony_Blair/Tony_Blair_0029.png
3,./aligned-images/Tony_Blair/Tony_Blair_0018.png
3,./aligned-images/Tony_Blair/Tony_Blair_0120.png
3,./aligned-images/Tony_Blair/Tony_Blair_0023.png
3,./aligned-images/Tony_Blair/Tony_Blair_0107.png
3,./aligned-images/Tony_Blair/Tony_Blair_0035.png
3,./aligned-images/Tony_Blair/Tony_Blair_0061.png
3,./aligned-images/Tony_Blair/Tony_Blair_0046.png
3,./aligned-images/Tony_Blair/Tony_Blair_0009.png
3,./aligned-images/Tony_Blair/Tony_Blair_0038.png
3,./aligned-images/Tony_Blair/Tony_Blair_0098.png
4,./aligned-images/Donald_Rumsfeld/Donald_Rumsfeld_0091.png
4,./aligned-images/Donald_Rumsfeld/Donald_Rumsfeld_0121.png
4,./aligned-images/Donald_Rumsfeld/Donald_Rumsfeld_0114.png
4,./aligned-images/Donald_Rumsfeld/Donald_Rumsfeld_0071.png
4,./aligned-images/Donald_Rumsfeld/Donald_Rumsfeld_0113.png
4,./aligned-images/Donald_Rumsfeld/Donald_Rumsfeld_0082.png
4,./aligned-images/Donald_Rumsfeld/Donald_Rumsfeld_0053.png
4,./aligned-images/Donald_Rumsfeld/Donald_Rumsfeld_0051.png
4,./aligned-images/Donald_Rumsfeld/Donald_Rumsfeld_0079.png
4,./aligned-images/Donald_Rumsfeld/Donald_Rumsfeld_0084.png
4,./aligned-images/Donald_Rumsfeld/Donald_Rumsfeld_0035.png
4,./aligned-images/Donald_Rumsfeld/Donald_Rumsfeld_0093.png
4,./aligned-images/Donald_Rumsfeld/Donald_Rumsfeld_0061.png
4,./aligned-images/Donald_Rumsfeld/Donald_Rumsfeld_0036.png
4,./aligned-images/Donald_Rumsfeld/Donald_Rumsfeld_0085.png
4,./aligned-images/Donald_Rumsfeld/Donald_Rumsfeld_0120.png
4,./aligned-images/Donald_Rumsfeld/Donald_Rumsfeld_0081.png
4,./aligned-images/Donald_Rumsfeld/Donald_Rumsfeld_0048.png
4,./aligned-images/Donald_Rumsfeld/Donald_Rumsfeld_0029.png
4,./aligned-images/Donald_Rumsfeld/Donald_Rumsfeld_0111.png
4,./aligned-images/Donald_Rumsfeld/Donald_Rumsfeld_0092.png
4,./aligned-images/Donald_Rumsfeld/Donald_Rumsfeld_0022.png
4,./aligned-images/Donald_Rumsfeld/Donald_Rumsfeld_0010.png
4,./aligned-images/Donald_Rumsfeld/Donald_Rumsfeld_0014.png
4,./aligned-images/Donald_Rumsfeld/Donald_Rumsfeld_0107.png
4,./aligned-images/Donald_Rumsfeld/Donald_Rumsfeld_0001.png
4,./aligned-images/Donald_Rumsfeld/Donald_Rumsfeld_0067.png
4,./aligned-images/Donald_Rumsfeld/Donald_Rumsfeld_0080.png
4,./aligned-images/Donald_Rumsfeld/Donald_Rumsfeld_0041.png
4,./aligned-images/Donald_Rumsfeld/Donald_Rumsfeld_0110.png
4,./aligned-images/Donald_Rumsfeld/Donald_Rumsfeld_0068.png
4,./aligned-images/Donald_Rumsfeld/Donald_Rumsfeld_0100.png
4,./aligned-images/Donald_Rumsfeld/Donald_Rumsfeld_0012.png
4,./aligned-images/Donald_Rumsfeld/Donald_Rumsfeld_0049.png
4,./aligned-images/Donald_Rumsfeld/Donald_Rumsfeld_0030.png
4,./aligned-images/Donald_Rumsfeld/Donald_Rumsfeld_0007.png
4,./aligned-images/Donald_Rumsfeld/Donald_Rumsfeld_0052.png
4,./aligned-images/Donald_Rumsfeld/Donald_Rumsfeld_0017.png
4,./aligned-images/Donald_Rumsfeld/Donald_Rumsfeld_0104.png
4,./aligned-images/Donald_Rumsfeld/Donald_Rumsfeld_0054.png
4,./aligned-images/Donald_Rumsfeld/Donald_Rumsfeld_0045.png
4,./aligned-images/Donald_Rumsfeld/Donald_Rumsfeld_0027.png
4,./aligned-images/Donald_Rumsfeld/Donald_Rumsfeld_0025.png
4,./aligned-images/Donald_Rumsfeld/Donald_Rumsfeld_0075.png
4,./aligned-images/Donald_Rumsfeld/Donald_Rumsfeld_0065.png
4,./aligned-images/Donald_Rumsfeld/Donald_Rumsfeld_0117.png
4,./aligned-images/Donald_Rumsfeld/Donald_Rumsfeld_0118.png
4,./aligned-images/Donald_Rumsfeld/Donald_Rumsfeld_0013.png
4,./aligned-images/Donald_Rumsfeld/Donald_Rumsfeld_0073.png
4,./aligned-images/Donald_Rumsfeld/Donald_Rumsfeld_0040.png
4,./aligned-images/Donald_Rumsfeld/Donald_Rumsfeld_0072.png
4,./aligned-images/Donald_Rumsfeld/Donald_Rumsfeld_0095.png
4,./aligned-images/Donald_Rumsfeld/Donald_Rumsfeld_0042.png
4,./aligned-images/Donald_Rumsfeld/Donald_Rumsfeld_0009.png
4,./aligned-images/Donald_Rumsfeld/Donald_Rumsfeld_0032.png
4,./aligned-images/Donald_Rumsfeld/Donald_Rumsfeld_0086.png
4,./aligned-images/Donald_Rumsfeld/Donald_Rumsfeld_0088.png
4,./aligned-images/Donald_Rumsfeld/Donald_Rumsfeld_0097.png
4,./aligned-images/Donald_Rumsfeld/Donald_Rumsfeld_0055.png
4,./aligned-images/Donald_Rumsfeld/Donald_Rumsfeld_0020.png
4,./aligned-images/Donald_Rumsfeld/Donald_Rumsfeld_0109.png
4,./aligned-images/Donald_Rumsfeld/Donald_Rumsfeld_0063.png
4,./aligned-images/Donald_Rumsfeld/Donald_Rumsfeld_0056.png
4,./aligned-images/Donald_Rumsfeld/Donald_Rumsfeld_0070.png
4,./aligned-images/Donald_Rumsfeld/Donald_Rumsfeld_0090.png
4,./aligned-images/Donald_Rumsfeld/Donald_Rumsfeld_0096.png
4,./aligned-images/Donald_Rumsfeld/Donald_Rumsfeld_0008.png
4,./aligned-images/Donald_Rumsfeld/Donald_Rumsfeld_0116.png
4,./aligned-images/Donald_Rumsfeld/Donald_Rumsfeld_0058.png
4,./aligned-images/Donald_Rumsfeld/Donald_Rumsfeld_0002.png
4,./aligned-images/Donald_Rumsfeld/Donald_Rumsfeld_0019.png
4,./aligned-images/Donald_Rumsfeld/Donald_Rumsfeld_0087.png
4,./aligned-images/Donald_Rumsfeld/Donald_Rumsfeld_0006.png
4,./aligned-images/Donald_Rumsfeld/Donald_Rumsfeld_0060.png
4,./aligned-images/Donald_Rumsfeld/Donald_Rumsfeld_0098.png
4,./aligned-images/Donald_Rumsfeld/Donald_Rumsfeld_0106.png
4,./aligned-images/Donald_Rumsfeld/Donald_Rumsfeld_0004.png
4,./aligned-images/Donald_Rumsfeld/Donald_Rumsfeld_0103.png
4,./aligned-images/Donald_Rumsfeld/Donald_Rumsfeld_0043.png
4,./aligned-images/Donald_Rumsfeld/Donald_Rumsfeld_0026.png
4,./aligned-images/Donald_Rumsfeld/Donald_Rumsfeld_0078.png
4,./aligned-images/Donald_Rumsfeld/Donald_Rumsfeld_0094.png
4,./aligned-images/Donald_Rumsfeld/Donald_Rumsfeld_0016.png
4,./aligned-images/Donald_Rumsfeld/Donald_Rumsfeld_0062.png
4,./aligned-images/Donald_Rumsfeld/Donald_Rumsfeld_0076.png
4,./aligned-images/Donald_Rumsfeld/Donald_Rumsfeld_0003.png
4,./aligned-images/Donald_Rumsfeld/Donald_Rumsfeld_0057.png
4,./aligned-images/Donald_Rumsfeld/Donald_Rumsfeld_0024.png
4,./aligned-images/Donald_Rumsfeld/Donald_Rumsfeld_0031.png
4,./aligned-images/Donald_Rumsfeld/Donald_Rumsfeld_0044.png
4,./aligned-images/Donald_Rumsfeld/Donald_Rumsfeld_0018.png
4,./aligned-images/Donald_Rumsfeld/Donald_Rumsfeld_0028.png
4,./aligned-images/Donald_Rumsfeld/Donald_Rumsfeld_0066.png
4,./aligned-images/Donald_Rumsfeld/Donald_Rumsfeld_0077.png
4,./aligned-images/Donald_Rumsfeld/Donald_Rumsfeld_0059.png
4,./aligned-images/Donald_Rumsfeld/Donald_Rumsfeld_0099.png
4,./aligned-images/Donald_Rumsfeld/Donald_Rumsfeld_0105.png
4,./aligned-images/Donald_Rumsfeld/Donald_Rumsfeld_0034.png
4,./aligned-images/Donald_Rumsfeld/Donald_Rumsfeld_0005.png
4,./aligned-images/Donald_Rumsfeld/Donald_Rumsfeld_0011.png
4,./aligned-images/Donald_Rumsfeld/Donald_Rumsfeld_0108.png
4,./aligned-images/Donald_Rumsfeld/Donald_Rumsfeld_0112.png
4,./aligned-images/Donald_Rumsfeld/Donald_Rumsfeld_0102.png
4,./aligned-images/Donald_Rumsfeld/Donald_Rumsfeld_0089.png
4,./aligned-images/Donald_Rumsfeld/Donald_Rumsfeld_0037.png
4,./aligned-images/Donald_Rumsfeld/Donald_Rumsfeld_0039.png
4,./aligned-images/Donald_Rumsfeld/Donald_Rumsfeld_0069.png
4,./aligned-images/Donald_Rumsfeld/Donald_Rumsfeld_0064.png
4,./aligned-images/Donald_Rumsfeld/Donald_Rumsfeld_0119.png
4,./aligned-images/Donald_Rumsfeld/Donald_Rumsfeld_0021.png
4,./aligned-images/Donald_Rumsfeld/Donald_Rumsfeld_0015.png
4,./aligned-images/Donald_Rumsfeld/Donald_Rumsfeld_0023.png
4,./aligned-images/Donald_Rumsfeld/Donald_Rumsfeld_0050.png
4,./aligned-images/Donald_Rumsfeld/Donald_Rumsfeld_0046.png
4,./aligned-images/Donald_Rumsfeld/Donald_Rumsfeld_0038.png
4,./aligned-images/Donald_Rumsfeld/Donald_Rumsfeld_0101.png
4,./aligned-images/Donald_Rumsfeld/Donald_Rumsfeld_0033.png
4,./aligned-images/Donald_Rumsfeld/Donald_Rumsfeld_0083.png
4,./aligned-images/Donald_Rumsfeld/Donald_Rumsfeld_0074.png
4,./aligned-images/Donald_Rumsfeld/Donald_Rumsfeld_0047.png
5,./aligned-images/George_W_Bush/George_W_Bush_0079.png
5,./aligned-images/George_W_Bush/George_W_Bush_0092.png
5,./aligned-images/George_W_Bush/George_W_Bush_0031.png
5,./aligned-images/George_W_Bush/George_W_Bush_0475.png
5,./aligned-images/George_W_Bush/George_W_Bush_0315.png
5,./aligned-images/George_W_Bush/George_W_Bush_0515.png
5,./aligned-images/George_W_Bush/George_W_Bush_0016.png
5,./aligned-images/George_W_Bush/George_W_Bush_0172.png
5,./aligned-images/George_W_Bush/George_W_Bush_0112.png
5,./aligned-images/George_W_Bush/George_W_Bush_0412.png
5,./aligned-images/George_W_Bush/George_W_Bush_0245.png
5,./aligned-images/George_W_Bush/George_W_Bush_0007.png
5,./aligned-images/George_W_Bush/George_W_Bush_0178.png
5,./aligned-images/George_W_Bush/George_W_Bush_0335.png
5,./aligned-images/George_W_Bush/George_W_Bush_0168.png
5,./aligned-images/George_W_Bush/George_W_Bush_0361.png
5,./aligned-images/George_W_Bush/George_W_Bush_0176.png
5,./aligned-images/George_W_Bush/George_W_Bush_0295.png
5,./aligned-images/George_W_Bush/George_W_Bush_0285.png
5,./aligned-images/George_W_Bush/George_W_Bush_0297.png
5,./aligned-images/George_W_Bush/George_W_Bush_0365.png
5,./aligned-images/George_W_Bush/George_W_Bush_0135.png
5,./aligned-images/George_W_Bush/George_W_Bush_0338.png
5,./aligned-images/George_W_Bush/George_W_Bush_0396.png
5,./aligned-images/George_W_Bush/George_W_Bush_0152.png
5,./aligned-images/George_W_Bush/George_W_Bush_0394.png
5,./aligned-images/George_W_Bush/George_W_Bush_0122.png
5,./aligned-images/George_W_Bush/George_W_Bush_0014.png
5,./aligned-images/George_W_Bush/George_W_Bush_0385.png
5,./aligned-images/George_W_Bush/George_W_Bush_0507.png
5,./aligned-images/George_W_Bush/George_W_Bush_0143.png
5,./aligned-images/George_W_Bush/George_W_Bush_0424.png
5,./aligned-images/George_W_Bush/George_W_Bush_0250.png
5,./aligned-images/George_W_Bush/George_W_Bush_0102.png
5,./aligned-images/George_W_Bush/George_W_Bush_0325.png
5,./aligned-images/George_W_Bush/George_W_Bush_0226.png
5,./aligned-images/George_W_Bush/George_W_Bush_0259.png
5,./aligned-images/George_W_Bush/George_W_Bush_0313.png
5,./aligned-images/George_W_Bush/George_W_Bush_0480.png
5,./aligned-images/George_W_Bush/George_W_Bush_0305.png
5,./aligned-images/George_W_Bush/George_W_Bush_0073.png
5,./aligned-images/George_W_Bush/George_W_Bush_0489.png
5,./aligned-images/George_W_Bush/George_W_Bush_0350.png
5,./aligned-images/George_W_Bush/George_W_Bush_0314.png
5,./aligned-images/George_W_Bush/George_W_Bush_0144.png
5,./aligned-images/George_W_Bush/George_W_Bush_0230.png
5,./aligned-images/George_W_Bush/George_W_Bush_0078.png
5,./aligned-images/George_W_Bush/George_W_Bush_0344.png
5,./aligned-images/George_W_Bush/George_W_Bush_0167.png
5,./aligned-images/George_W_Bush/George_W_Bush_0130.png
5,./aligned-images/George_W_Bush/George_W_Bush_0284.png
5,./aligned-images/George_W_Bush/George_W_Bush_0242.png
5,./aligned-images/George_W_Bush/George_W_Bush_0516.png
5,./aligned-images/George_W_Bush/George_W_Bush_0460.png
5,./aligned-images/George_W_Bush/George_W_Bush_0252.png
5,./aligned-images/George_W_Bush/George_W_Bush_0375.png
5,./aligned-images/George_W_Bush/George_W_Bush_0436.png
5,./aligned-images/George_W_Bush/George_W_Bush_0505.png
5,./aligned-images/George_W_Bush/George_W_Bush_0306.png
5,./aligned-images/George_W_Bush/George_W_Bush_0137.png
5,./aligned-images/George_W_Bush/George_W_Bush_0212.png
5,./aligned-images/George_W_Bush/George_W_Bush_0455.png
5,./aligned-images/George_W_Bush/George_W_Bush_0074.png
5,./aligned-images/George_W_Bush/George_W_Bush_0384.png
5,./aligned-images/George_W_Bush/George_W_Bush_0292.png
5,./aligned-images/George_W_Bush/George_W_Bush_0402.png
5,./aligned-images/George_W_Bush/George_W_Bush_0121.png
5,./aligned-images/George_W_Bush/George_W_Bush_0503.png
5,./aligned-images/George_W_Bush/George_W_Bush_0416.png
5,./aligned-images/George_W_Bush/George_W_Bush_0273.png
5,./aligned-images/George_W_Bush/George_W_Bush_0027.png
5,./aligned-images/George_W_Bush/George_W_Bush_0296.png
5,./aligned-images/George_W_Bush/George_W_Bush_0439.png
5,./aligned-images/George_W_Bush/George_W_Bush_0317.png
5,./aligned-images/George_W_Bush/George_W_Bush_0247.png
5,./aligned-images/George_W_Bush/George_W_Bush_0220.png
5,./aligned-images/George_W_Bush/George_W_Bush_0471.png
5,./aligned-images/George_W_Bush/George_W_Bush_0271.png
5,./aligned-images/George_W_Bush/George_W_Bush_0198.png
5,./aligned-images/George_W_Bush/George_W_Bush_0425.png
5,./aligned-images/George_W_Bush/George_W_Bush_0246.png
5,./aligned-images/George_W_Bush/George_W_Bush_0262.png
5,./aligned-images/George_W_Bush/George_W_Bush_0318.png
5,./aligned-images/George_W_Bush/George_W_Bush_0064.png
5,./aligned-images/George_W_Bush/George_W_Bush_0192.png
5,./aligned-images/George_W_Bush/George_W_Bush_0142.png
5,./aligned-images/George_W_Bush/George_W_Bush_0251.png
5,./aligned-images/George_W_Bush/George_W_Bush_0075.png
5,./aligned-images/George_W_Bush/George_W_Bush_0238.png
5,./aligned-images/George_W_Bush/George_W_Bush_0390.png
5,./aligned-images/George_W_Bush/George_W_Bush_0036.png
5,./aligned-images/George_W_Bush/George_W_Bush_0086.png
5,./aligned-images/George_W_Bush/George_W_Bush_0030.png
5,./aligned-images/George_W_Bush/George_W_Bush_0106.png
5,./aligned-images/George_W_Bush/George_W_Bush_0518.png
5,./aligned-images/George_W_Bush/George_W_Bush_0002.png
5,./aligned-images/George_W_Bush/George_W_Bush_0115.png
5,./aligned-images/George_W_Bush/George_W_Bush_0341.png
5,./aligned-images/George_W_Bush/George_W_Bush_0229.png
5,./aligned-images/George_W_Bush/George_W_Bush_0298.png
5,./aligned-images/George_W_Bush/George_W_Bush_0159.png
5,./aligned-images/George_W_Bush/George_W_Bush_0233.png
5,./aligned-images/George_W_Bush/George_W_Bush_0429.png
5,./aligned-images/George_W_Bush/George_W_Bush_0243.png
5,./aligned-images/George_W_Bush/George_W_Bush_0139.png
5,./aligned-images/George_W_Bush/George_W_Bush_0032.png
5,./aligned-images/George_W_Bush/George_W_Bush_0333.png
5,./aligned-images/George_W_Bush/George_W_Bush_0227.png
5,./aligned-images/George_W_Bush/George_W_Bush_0179.png
5,./aligned-images/George_W_Bush/George_W_Bush_0107.png
5,./aligned-images/George_W_Bush/George_W_Bush_0330.png
5,./aligned-images/George_W_Bush/George_W_Bush_0303.png
5,./aligned-images/George_W_Bush/George_W_Bush_0323.png
5,./aligned-images/George_W_Bush/George_W_Bush_0156.png
5,./aligned-images/George_W_Bush/George_W_Bush_0149.png
5,./aligned-images/George_W_Bush/George_W_Bush_0304.png
5,./aligned-images/George_W_Bush/George_W_Bush_0114.png
5,./aligned-images/George_W_Bush/George_W_Bush_0037.png
5,./aligned-images/George_W_Bush/George_W_Bush_0131.png
5,./aligned-images/George_W_Bush/George_W_Bush_0155.png
5,./aligned-images/George_W_Bush/George_W_Bush_0181.png
5,./aligned-images/George_W_Bush/George_W_Bush_0237.png
5,./aligned-images/George_W_Bush/George_W_Bush_0517.png
5,./aligned-images/George_W_Bush/George_W_Bush_0479.png
5,./aligned-images/George_W_Bush/George_W_Bush_0025.png
5,./aligned-images/George_W_Bush/George_W_Bush_0509.png
5,./aligned-images/George_W_Bush/George_W_Bush_0391.png
5,./aligned-images/George_W_Bush/George_W_Bush_0228.png
5,./aligned-images/George_W_Bush/George_W_Bush_0067.png
5,./aligned-images/George_W_Bush/George_W_Bush_0488.png
5,./aligned-images/George_W_Bush/George_W_Bush_0498.png
5,./aligned-images/George_W_Bush/George_W_Bush_0403.png
5,./aligned-images/George_W_Bush/George_W_Bush_0456.png
5,./aligned-images/George_W_Bush/George_W_Bush_0321.png
5,./aligned-images/George_W_Bush/George_W_Bush_0493.png
5,./aligned-images/George_W_Bush/George_W_Bush_0454.png
5,./aligned-images/George_W_Bush/George_W_Bush_0382.png
5,./aligned-images/George_W_Bush/George_W_Bush_0501.png
5,./aligned-images/George_W_Bush/George_W_Bush_0266.png
5,./aligned-images/George_W_Bush/George_W_Bush_0337.png
5,./aligned-images/George_W_Bush/George_W_Bush_0472.png
5,./aligned-images/George_W_Bush/George_W_Bush_0355.png
5,./aligned-images/George_W_Bush/George_W_Bush_0196.png
5,./aligned-images/George_W_Bush/George_W_Bush_0468.png
5,./aligned-images/George_W_Bush/George_W_Bush_0210.png
5,./aligned-images/George_W_Bush/George_W_Bush_0057.png
5,./aligned-images/George_W_Bush/George_W_Bush_0359.png
5,./aligned-images/George_W_Bush/George_W_Bush_0450.png
5,./aligned-images/George_W_Bush/George_W_Bush_0419.png
5,./aligned-images/George_W_Bush/George_W_Bush_0504.png
5,./aligned-images/George_W_Bush/George_W_Bush_0372.png
5,./aligned-images/George_W_Bush/George_W_Bush_0136.png
5,./aligned-images/George_W_Bush/George_W_Bush_0485.png
5,./aligned-images/George_W_Bush/George_W_Bush_0388.png
5,./aligned-images/George_W_Bush/George_W_Bush_0165.png
5,./aligned-images/George_W_Bush/George_W_Bush_0268.png
5,./aligned-images/George_W_Bush/George_W_Bush_0422.png
5,./aligned-images/George_W_Bush/George_W_Bush_0216.png
5,./aligned-images/George_W_Bush/George_W_Bush_0328.png
5,./aligned-images/George_W_Bush/George_W_Bush_0435.png
5,./aligned-images/George_W_Bush/George_W_Bush_0094.png
5,./aligned-images/George_W_Bush/George_W_Bush_0193.png
5,./aligned-images/George_W_Bush/George_W_Bush_0289.png
5,./aligned-images/George_W_Bush/George_W_Bush_0024.png
5,./aligned-images/George_W_Bush/George_W_Bush_0348.png
5,./aligned-images/George_W_Bush/George_W_Bush_0109.png
5,./aligned-images/George_W_Bush/George_W_Bush_0254.png
5,./aligned-images/George_W_Bush/George_W_Bush_0442.png
5,./aligned-images/George_W_Bush/George_W_Bush_0364.png
5,./aligned-images/George_W_Bush/George_W_Bush_0483.png
5,./aligned-images/George_W_Bush/George_W_Bush_0134.png
5,./aligned-images/George_W_Bush/George_W_Bush_0371.png
5,./aligned-images/George_W_Bush/George_W_Bush_0378.png
5,./aligned-images/George_W_Bush/George_W_Bush_0055.png
5,./aligned-images/George_W_Bush/George_W_Bush_0062.png
5,./aligned-images/George_W_Bush/George_W_Bush_0343.png
5,./aligned-images/George_W_Bush/George_W_Bush_0457.png
5,./aligned-images/George_W_Bush/George_W_Bush_0147.png
5,./aligned-images/George_W_Bush/George_W_Bush_0052.png
5,./aligned-images/George_W_Bush/George_W_Bush_0290.png
5,./aligned-images/George_W_Bush/George_W_Bush_0363.png
5,./aligned-images/George_W_Bush/George_W_Bush_0286.png
5,./aligned-images/George_W_Bush/George_W_Bush_0395.png
5,./aligned-images/George_W_Bush/George_W_Bush_0482.png
5,./aligned-images/George_W_Bush/George_W_Bush_0199.png
5,./aligned-images/George_W_Bush/George_W_Bush_0508.png
5,./aligned-images/George_W_Bush/George_W_Bush_0026.png
5,./aligned-images/George_W_Bush/George_W_Bush_0334.png
5,./aligned-images/George_W_Bush/George_W_Bush_0427.png
5,./aligned-images/George_W_Bush/George_W_Bush_0500.png
5,./aligned-images/George_W_Bush/George_W_Bush_0393.png
5,./aligned-images/George_W_Bush/George_W_Bush_0098.png
5,./aligned-images/George_W_Bush/George_W_Bush_0189.png
5,./aligned-images/George_W_Bush/George_W_Bush_0005.png
5,./aligned-images/George_W_Bush/George_W_Bush_0474.png
5,./aligned-images/George_W_Bush/George_W_Bush_0440.png
5,./aligned-images/George_W_Bush/George_W_Bush_0267.png
5,./aligned-images/George_W_Bush/George_W_Bush_0463.png
5,./aligned-images/George_W_Bush/George_W_Bush_0490.png
5,./aligned-images/George_W_Bush/George_W_Bush_0009.png
5,./aligned-images/George_W_Bush/George_W_Bush_0521.png
5,./aligned-images/George_W_Bush/George_W_Bush_0377.png
5,./aligned-images/George_W_Bush/George_W_Bush_0096.png
5,./aligned-images/George_W_Bush/George_W_Bush_0443.png
5,./aligned-images/George_W_Bush/George_W_Bush_0459.png
5,./aligned-images/George_W_Bush/George_W_Bush_0035.png
5,./aligned-images/George_W_Bush/George_W_Bush_0100.png
5,./aligned-images/George_W_Bush/George_W_Bush_0386.png
5,./aligned-images/George_W_Bush/George_W_Bush_0013.png
5,./aligned-images/George_W_Bush/George_W_Bush_0010.png
5,./aligned-images/George_W_Bush/George_W_Bush_0091.png
5,./aligned-images/George_W_Bush/George_W_Bush_0197.png
5,./aligned-images/George_W_Bush/George_W_Bush_0070.png
5,./aligned-images/George_W_Bush/George_W_Bush_0383.png
5,./aligned-images/George_W_Bush/George_W_Bush_0370.png
5,./aligned-images/George_W_Bush/George_W_Bush_0141.png
5,./aligned-images/George_W_Bush/George_W_Bush_0405.png
5,./aligned-images/George_W_Bush/George_W_Bush_0129.png
5,./aligned-images/George_W_Bush/George_W_Bush_0104.png
5,./aligned-images/George_W_Bush/George_W_Bush_0283.png
5,./aligned-images/George_W_Bush/George_W_Bush_0512.png
5,./aligned-images/George_W_Bush/George_W_Bush_0476.png
5,./aligned-images/George_W_Bush/George_W_Bush_0294.png
5,./aligned-images/George_W_Bush/George_W_Bush_0127.png
5,./aligned-images/George_W_Bush/George_W_Bush_0015.png
5,./aligned-images/George_W_Bush/George_W_Bush_0522.png
5,./aligned-images/George_W_Bush/George_W_Bush_0415.png
5,./aligned-images/George_W_Bush/George_W_Bush_0451.png
5,./aligned-images/George_W_Bush/George_W_Bush_0108.png
5,./aligned-images/George_W_Bush/George_W_Bush_0213.png
5,./aligned-images/George_W_Bush/George_W_Bush_0038.png
5,./aligned-images/George_W_Bush/George_W_Bush_0118.png
5,./aligned-images/George_W_Bush/George_W_Bush_0434.png
5,./aligned-images/George_W_Bush/George_W_Bush_0183.png
5,./aligned-images/George_W_Bush/George_W_Bush_0347.png
5,./aligned-images/George_W_Bush/George_W_Bush_0270.png
5,./aligned-images/George_W_Bush/George_W_Bush_0288.png
5,./aligned-images/George_W_Bush/George_W_Bush_0453.png
5,./aligned-images/George_W_Bush/George_W_Bush_0322.png
5,./aligned-images/George_W_Bush/George_W_Bush_0464.png
5,./aligned-images/George_W_Bush/George_W_Bush_0001.png
5,./aligned-images/George_W_Bush/George_W_Bush_0081.png
5,./aligned-images/George_W_Bush/George_W_Bush_0258.png
5,./aligned-images/George_W_Bush/George_W_Bush_0280.png
5,./aligned-images/George_W_Bush/George_W_Bush_0423.png
5,./aligned-images/George_W_Bush/George_W_Bush_0166.png
5,./aligned-images/George_W_Bush/George_W_Bush_0113.png
5,./aligned-images/George_W_Bush/George_W_Bush_0047.png
5,./aligned-images/George_W_Bush/George_W_Bush_0269.png
5,./aligned-images/George_W_Bush/George_W_Bush_0354.png
5,./aligned-images/George_W_Bush/George_W_Bush_0158.png
5,./aligned-images/George_W_Bush/George_W_Bush_0410.png
5,./aligned-images/George_W_Bush/George_W_Bush_0206.png
5,./aligned-images/George_W_Bush/George_W_Bush_0253.png
5,./aligned-images/George_W_Bush/George_W_Bush_0441.png
5,./aligned-images/George_W_Bush/George_W_Bush_0056.png
5,./aligned-images/George_W_Bush/George_W_Bush_0187.png
5,./aligned-images/George_W_Bush/George_W_Bush_0366.png
5,./aligned-images/George_W_Bush/George_W_Bush_0437.png
5,./aligned-images/George_W_Bush/George_W_Bush_0133.png
5,./aligned-images/George_W_Bush/George_W_Bush_0232.png
5,./aligned-images/George_W_Bush/George_W_Bush_0060.png
5,./aligned-images/George_W_Bush/George_W_Bush_0339.png
5,./aligned-images/George_W_Bush/George_W_Bush_0519.png
5,./aligned-images/George_W_Bush/George_W_Bush_0080.png
5,./aligned-images/George_W_Bush/George_W_Bush_0499.png
5,./aligned-images/George_W_Bush/George_W_Bush_0331.png
5,./aligned-images/George_W_Bush/George_W_Bush_0511.png
5,./aligned-images/George_W_Bush/George_W_Bush_0028.png
5,./aligned-images/George_W_Bush/George_W_Bush_0293.png
5,./aligned-images/George_W_Bush/George_W_Bush_0529.png
5,./aligned-images/George_W_Bush/George_W_Bush_0444.png
5,./aligned-images/George_W_Bush/George_W_Bush_0043.png
5,./aligned-images/George_W_Bush/George_W_Bush_0126.png
5,./aligned-images/George_W_Bush/George_W_Bush_0452.png
5,./aligned-images/George_W_Bush/George_W_Bush_0417.png
5,./aligned-images/George_W_Bush/George_W_Bush_0409.png
5,./aligned-images/George_W_Bush/George_W_Bush_0049.png
5,./aligned-images/George_W_Bush/George_W_Bush_0191.png
5,./aligned-images/George_W_Bush/George_W_Bush_0006.png
5,./aligned-images/George_W_Bush/George_W_Bush_0310.png
5,./aligned-images/George_W_Bush/George_W_Bush_0170.png
5,./aligned-images/George_W_Bush/George_W_Bush_0173.png
5,./aligned-images/George_W_Bush/George_W_Bush_0520.png
5,./aligned-images/George_W_Bush/George_W_Bush_0380.png
5,./aligned-images/George_W_Bush/George_W_Bush_0324.png
5,./aligned-images/George_W_Bush/George_W_Bush_0123.png
5,./aligned-images/George_W_Bush/George_W_Bush_0362.png
5,./aligned-images/George_W_Bush/George_W_Bush_0411.png
5,./aligned-images/George_W_Bush/George_W_Bush_0438.png
5,./aligned-images/George_W_Bush/George_W_Bush_0461.png
5,./aligned-images/George_W_Bush/George_W_Bush_0169.png
5,./aligned-images/George_W_Bush/George_W_Bush_0527.png
5,./aligned-images/George_W_Bush/George_W_Bush_0182.png
5,./aligned-images/George_W_Bush/George_W_Bush_0219.png
5,./aligned-images/George_W_Bush/George_W_Bush_0051.png
5,./aligned-images/George_W_Bush/George_W_Bush_0194.png
5,./aligned-images/George_W_Bush/George_W_Bush_0208.png
5,./aligned-images/George_W_Bush/George_W_Bush_0138.png
5,./aligned-images/George_W_Bush/George_W_Bush_0085.png
5,./aligned-images/George_W_Bush/George_W_Bush_0274.png
5,./aligned-images/George_W_Bush/George_W_Bush_0368.png
5,./aligned-images/George_W_Bush/George_W_Bush_0048.png
5,./aligned-images/George_W_Bush/George_W_Bush_0066.png
5,./aligned-images/George_W_Bush/George_W_Bush_0022.png
5,./aligned-images/George_W_Bush/George_W_Bush_0110.png
5,./aligned-images/George_W_Bush/George_W_Bush_0446.png
5,./aligned-images/George_W_Bush/George_W_Bush_0101.png
5,./aligned-images/George_W_Bush/George_W_Bush_0058.png
5,./aligned-images/George_W_Bush/George_W_Bush_0299.png
5,./aligned-images/George_W_Bush/George_W_Bush_0428.png
5,./aligned-images/George_W_Bush/George_W_Bush_0004.png
5,./aligned-images/George_W_Bush/George_W_Bush_0369.png
5,./aligned-images/George_W_Bush/George_W_Bush_0510.png
5,./aligned-images/George_W_Bush/George_W_Bush_0223.png
5,./aligned-images/George_W_Bush/George_W_Bush_0279.png
5,./aligned-images/George_W_Bush/George_W_Bush_0029.png
5,./aligned-images/George_W_Bush/George_W_Bush_0090.png
5,./aligned-images/George_W_Bush/George_W_Bush_0161.png
5,./aligned-images/George_W_Bush/George_W_Bush_0200.png
5,./aligned-images/George_W_Bush/George_W_Bush_0190.png
5,./aligned-images/George_W_Bush/George_W_Bush_0157.png
5,./aligned-images/George_W_Bush/George_W_Bush_0263.png
5,./aligned-images/George_W_Bush/George_W_Bush_0231.png
5,./aligned-images/George_W_Bush/George_W_Bush_0497.png
5,./aligned-images/George_W_Bush/George_W_Bush_0033.png
5,./aligned-images/George_W_Bush/George_W_Bush_0319.png
5,./aligned-images/George_W_Bush/George_W_Bush_0513.png
5,./aligned-images/George_W_Bush/George_W_Bush_0469.png
5,./aligned-images/George_W_Bush/George_W_Bush_0003.png
5,./aligned-images/George_W_Bush/George_W_Bush_0260.png
5,./aligned-images/George_W_Bush/George_W_Bush_0225.png
5,./aligned-images/George_W_Bush/George_W_Bush_0103.png
5,./aligned-images/George_W_Bush/George_W_Bush_0021.png
5,./aligned-images/George_W_Bush/George_W_Bush_0248.png
5,./aligned-images/George_W_Bush/George_W_Bush_0205.png
5,./aligned-images/George_W_Bush/George_W_Bush_0117.png
5,./aligned-images/George_W_Bush/George_W_Bush_0308.png
5,./aligned-images/George_W_Bush/George_W_Bush_0462.png
5,./aligned-images/George_W_Bush/George_W_Bush_0153.png
5,./aligned-images/George_W_Bush/George_W_Bush_0093.png
5,./aligned-images/George_W_Bush/George_W_Bush_0041.png
5,./aligned-images/George_W_Bush/George_W_Bush_0491.png
5,./aligned-images/George_W_Bush/George_W_Bush_0224.png
5,./aligned-images/George_W_Bush/George_W_Bush_0083.png
5,./aligned-images/George_W_Bush/George_W_Bush_0340.png
5,./aligned-images/George_W_Bush/George_W_Bush_0413.png
5,./aligned-images/George_W_Bush/George_W_Bush_0432.png
5,./aligned-images/George_W_Bush/George_W_Bush_0525.png
5,./aligned-images/George_W_Bush/George_W_Bush_0487.png
5,./aligned-images/George_W_Bush/George_W_Bush_0162.png
5,./aligned-images/George_W_Bush/George_W_Bush_0128.png
5,./aligned-images/George_W_Bush/George_W_Bush_0040.png
5,./aligned-images/George_W_Bush/George_W_Bush_0449.png
5,./aligned-images/George_W_Bush/George_W_Bush_0069.png
5,./aligned-images/George_W_Bush/George_W_Bush_0234.png
5,./aligned-images/George_W_Bush/George_W_Bush_0249.png
5,./aligned-images/George_W_Bush/George_W_Bush_0494.png
5,./aligned-images/George_W_Bush/George_W_Bush_0255.png
5,./aligned-images/George_W_Bush/George_W_Bush_0379.png
5,./aligned-images/George_W_Bush/George_W_Bush_0185.png
5,./aligned-images/George_W_Bush/George_W_Bush_0241.png
5,./aligned-images/George_W_Bush/George_W_Bush_0164.png
5,./aligned-images/George_W_Bush/George_W_Bush_0195.png
5,./aligned-images/George_W_Bush/George_W_Bush_0301.png
5,./aligned-images/George_W_Bush/George_W_Bush_0059.png
5,./aligned-images/George_W_Bush/George_W_Bush_0265.png
5,./aligned-images/George_W_Bush/George_W_Bush_0020.png
5,./aligned-images/George_W_Bush/George_W_Bush_0367.png
5,./aligned-images/George_W_Bush/George_W_Bush_0221.png
5,./aligned-images/George_W_Bush/George_W_Bush_0430.png
5,./aligned-images/George_W_Bush/George_W_Bush_0360.png
5,./aligned-images/George_W_Bush/George_W_Bush_0088.png
5,./aligned-images/George_W_Bush/George_W_Bush_0046.png
5,./aligned-images/George_W_Bush/George_W_Bush_0465.png
5,./aligned-images/George_W_Bush/George_W_Bush_0374.png
5,./aligned-images/George_W_Bush/George_W_Bush_0466.png
5,./aligned-images/George_W_Bush/George_W_Bush_0209.png
5,./aligned-images/George_W_Bush/George_W_Bush_0307.png
5,./aligned-images/George_W_Bush/George_W_Bush_0042.png
5,./aligned-images/George_W_Bush/George_W_Bush_0204.png
5,./aligned-images/George_W_Bush/George_W_Bush_0420.png
5,./aligned-images/George_W_Bush/George_W_Bush_0188.png
5,./aligned-images/George_W_Bush/George_W_Bush_0433.png
5,./aligned-images/George_W_Bush/George_W_Bush_0278.png
5,./aligned-images/George_W_Bush/George_W_Bush_0349.png
5,./aligned-images/George_W_Bush/George_W_Bush_0309.png
5,./aligned-images/George_W_Bush/George_W_Bush_0019.png
5,./aligned-images/George_W_Bush/George_W_Bush_0484.png
5,./aligned-images/George_W_Bush/George_W_Bush_0120.png
5,./aligned-images/George_W_Bush/George_W_Bush_0184.png
5,./aligned-images/George_W_Bush/George_W_Bush_0023.png
5,./aligned-images/George_W_Bush/George_W_Bush_0261.png
5,./aligned-images/George_W_Bush/George_W_Bush_0214.png
5,./aligned-images/George_W_Bush/George_W_Bush_0240.png
5,./aligned-images/George_W_Bush/George_W_Bush_0392.png
5,./aligned-images/George_W_Bush/George_W_Bush_0045.png
5,./aligned-images/George_W_Bush/George_W_Bush_0346.png
5,./aligned-images/George_W_Bush/George_W_Bush_0124.png
5,./aligned-images/George_W_Bush/George_W_Bush_0054.png
5,./aligned-images/George_W_Bush/George_W_Bush_0458.png
5,./aligned-images/George_W_Bush/George_W_Bush_0125.png
5,./aligned-images/George_W_Bush/George_W_Bush_0119.png
5,./aligned-images/George_W_Bush/George_W_Bush_0421.png
5,./aligned-images/George_W_Bush/George_W_Bush_0148.png
5,./aligned-images/George_W_Bush/George_W_Bush_0132.png
5,./aligned-images/George_W_Bush/George_W_Bush_0275.png
5,./aligned-images/George_W_Bush/George_W_Bush_0203.png
5,./aligned-images/George_W_Bush/George_W_Bush_0277.png
5,./aligned-images/George_W_Bush/George_W_Bush_0211.png
5,./aligned-images/George_W_Bush/George_W_Bush_0387.png
5,./aligned-images/George_W_Bush/George_W_Bush_0039.png
5,./aligned-images/George_W_Bush/George_W_Bush_0400.png
5,./aligned-images/George_W_Bush/George_W_Bush_0202.png
5,./aligned-images/George_W_Bush/George_W_Bush_0061.png
5,./aligned-images/George_W_Bush/George_W_Bush_0528.png
5,./aligned-images/George_W_Bush/George_W_Bush_0072.png
5,./aligned-images/George_W_Bush/George_W_Bush_0071.png
5,./aligned-images/George_W_Bush/George_W_Bush_0050.png
5,./aligned-images/George_W_Bush/George_W_Bush_0177.png
5,./aligned-images/George_W_Bush/George_W_Bush_0150.png
5,./aligned-images/George_W_Bush/George_W_Bush_0084.png
5,./aligned-images/George_W_Bush/George_W_Bush_0163.png
5,./aligned-images/George_W_Bush/George_W_Bush_0018.png
5,./aligned-images/George_W_Bush/George_W_Bush_0207.png
5,./aligned-images/George_W_Bush/George_W_Bush_0320.png
5,./aligned-images/George_W_Bush/George_W_Bush_0180.png
5,./aligned-images/George_W_Bush/George_W_Bush_0495.png
5,./aligned-images/George_W_Bush/George_W_Bush_0065.png
5,./aligned-images/George_W_Bush/George_W_Bush_0408.png
5,./aligned-images/George_W_Bush/George_W_Bush_0399.png
5,./aligned-images/George_W_Bush/George_W_Bush_0082.png
5,./aligned-images/George_W_Bush/George_W_Bush_0201.png
5,./aligned-images/George_W_Bush/George_W_Bush_0351.png
5,./aligned-images/George_W_Bush/George_W_Bush_0215.png
5,./aligned-images/George_W_Bush/George_W_Bush_0140.png
5,./aligned-images/George_W_Bush/George_W_Bush_0506.png
5,./aligned-images/George_W_Bush/George_W_Bush_0404.png
5,./aligned-images/George_W_Bush/George_W_Bush_0236.png
5,./aligned-images/George_W_Bush/George_W_Bush_0017.png
5,./aligned-images/George_W_Bush/George_W_Bush_0524.png
5,./aligned-images/George_W_Bush/George_W_Bush_0381.png
5,./aligned-images/George_W_Bush/George_W_Bush_0357.png
5,./aligned-images/George_W_Bush/George_W_Bush_0287.png
5,./aligned-images/George_W_Bush/George_W_Bush_0336.png
5,./aligned-images/George_W_Bush/George_W_Bush_0151.png
5,./aligned-images/George_W_Bush/George_W_Bush_0316.png
5,./aligned-images/George_W_Bush/George_W_Bush_0332.png
5,./aligned-images/George_W_Bush/George_W_Bush_0291.png
5,./aligned-images/George_W_Bush/George_W_Bush_0398.png
5,./aligned-images/George_W_Bush/George_W_Bush_0356.png
5,./aligned-images/George_W_Bush/George_W_Bush_0312.png
5,./aligned-images/George_W_Bush/George_W_Bush_0097.png
5,./aligned-images/George_W_Bush/George_W_Bush_0477.png
5,./aligned-images/George_W_Bush/George_W_Bush_0302.png
5,./aligned-images/George_W_Bush/George_W_Bush_0467.png
5,./aligned-images/George_W_Bush/George_W_Bush_0217.png
5,./aligned-images/George_W_Bush/George_W_Bush_0171.png
5,./aligned-images/George_W_Bush/George_W_Bush_0174.png
5,./aligned-images/George_W_Bush/George_W_Bush_0011.png
5,./aligned-images/George_W_Bush/George_W_Bush_0376.png
5,./aligned-images/George_W_Bush/George_W_Bush_0353.png
5,./aligned-images/George_W_Bush/George_W_Bush_0222.png
5,./aligned-images/George_W_Bush/George_W_Bush_0089.png
5,./aligned-images/George_W_Bush/George_W_Bush_0281.png
5,./aligned-images/George_W_Bush/George_W_Bush_0470.png
5,./aligned-images/George_W_Bush/George_W_Bush_0068.png
5,./aligned-images/George_W_Bush/George_W_Bush_0105.png
5,./aligned-images/George_W_Bush/George_W_Bush_0389.png
5,./aligned-images/George_W_Bush/George_W_Bush_0008.png
5,./aligned-images/George_W_Bush/George_W_Bush_0329.png
5,./aligned-images/George_W_Bush/George_W_Bush_0116.png
5,./aligned-images/George_W_Bush/George_W_Bush_0397.png
5,./aligned-images/George_W_Bush/George_W_Bush_0311.png
5,./aligned-images/George_W_Bush/George_W_Bush_0264.png
5,./aligned-images/George_W_Bush/George_W_Bush_0076.png
5,./aligned-images/George_W_Bush/George_W_Bush_0496.png
5,./aligned-images/George_W_Bush/George_W_Bush_0418.png
5,./aligned-images/George_W_Bush/George_W_Bush_0111.png
5,./aligned-images/George_W_Bush/George_W_Bush_0300.png
5,./aligned-images/George_W_Bush/George_W_Bush_0256.png
5,./aligned-images/George_W_Bush/George_W_Bush_0523.png
5,./aligned-images/George_W_Bush/George_W_Bush_0445.png
5,./aligned-images/George_W_Bush/George_W_Bush_0012.png
5,./aligned-images/George_W_Bush/George_W_Bush_0401.png
5,./aligned-images/George_W_Bush/George_W_Bush_0473.png
5,./aligned-images/George_W_Bush/George_W_Bush_0352.png
5,./aligned-images/George_W_Bush/George_W_Bush_0502.png
5,./aligned-images/George_W_Bush/George_W_Bush_0087.png
5,./aligned-images/George_W_Bush/George_W_Bush_0095.png
5,./aligned-images/George_W_Bush/George_W_Bush_0034.png
5,./aligned-images/George_W_Bush/George_W_Bush_0218.png
5,./aligned-images/George_W_Bush/George_W_Bush_0257.png
5,./aligned-images/George_W_Bush/George_W_Bush_0358.png
5,./aligned-images/George_W_Bush/George_W_Bush_0235.png
5,./aligned-images/George_W_Bush/George_W_Bush_0272.png
5,./aligned-images/George_W_Bush/George_W_Bush_0431.png
5,./aligned-images/George_W_Bush/George_W_Bush_0244.png
5,./aligned-images/George_W_Bush/George_W_Bush_0414.png
5,./aligned-images/George_W_Bush/George_W_Bush_0530.png
5,./aligned-images/George_W_Bush/George_W_Bush_0053.png
5,./aligned-images/George_W_Bush/George_W_Bush_0239.png
5,./aligned-images/George_W_Bush/George_W_Bush_0160.png
5,./aligned-images/George_W_Bush/George_W_Bush_0077.png
5,./aligned-images/George_W_Bush/George_W_Bush_0282.png
5,./aligned-images/George_W_Bush/George_W_Bush_0326.png
5,./aligned-images/George_W_Bush/George_W_Bush_0486.png
5,./aligned-images/George_W_Bush/George_W_Bush_0406.png
5,./aligned-images/George_W_Bush/George_W_Bush_0481.png
5,./aligned-images/George_W_Bush/George_W_Bush_0526.png
5,./aligned-images/George_W_Bush/George_W_Bush_0327.png
5,./aligned-images/George_W_Bush/George_W_Bush_0276.png
5,./aligned-images/George_W_Bush/George_W_Bush_0492.png
5,./aligned-images/George_W_Bush/George_W_Bush_0063.png
5,./aligned-images/George_W_Bush/George_W_Bush_0145.png
5,./aligned-images/George_W_Bush/George_W_Bush_0345.png
5,./aligned-images/George_W_Bush/George_W_Bush_0175.png
5,./aligned-images/George_W_Bush/George_W_Bush_0186.png
5,./aligned-images/George_W_Bush/George_W_Bush_0146.png
5,./aligned-images/George_W_Bush/George_W_Bush_0342.png
5,./aligned-images/George_W_Bush/George_W_Bush_0514.png
5,./aligned-images/George_W_Bush/George_W_Bush_0447.png
5,./aligned-images/George_W_Bush/George_W_Bush_0099.png
5,./aligned-images/George_W_Bush/George_W_Bush_0426.png
5,./aligned-images/George_W_Bush/George_W_Bush_0373.png
5,./aligned-images/George_W_Bush/George_W_Bush_0154.png
5,./aligned-images/George_W_Bush/George_W_Bush_0407.png
5,./aligned-images/George_W_Bush/George_W_Bush_0478.png
5,./aligned-images/George_W_Bush/George_W_Bush_0044.png
