1,./aligned-images/matthew-perry/matthew-perry11341.png
1,./aligned-images/matthew-perry/matthew-perry11172.png
1,./aligned-images/matthew-perry/matthew-perry11355.png
1,./aligned-images/matthew-perry/matthew-perry11331.png
1,./aligned-images/matthew-perry/matthew-perry11174.png
1,./aligned-images/matthew-perry/matthew-perry11374.png
1,./aligned-images/matthew-perry/matthew-perry11272.png
1,./aligned-images/matthew-perry/matthew-perry11199.png
1,./aligned-images/matthew-perry/matthew-perry11314.png
1,./aligned-images/matthew-perry/matthew-perry11247.png
1,./aligned-images/matthew-perry/matthew-perry11332.png
1,./aligned-images/matthew-perry/matthew-perry11194.png
1,./aligned-images/matthew-perry/matthew-perry11231.png
1,./aligned-images/matthew-perry/matthew-perry11395.png
1,./aligned-images/matthew-perry/matthew-perry11354.png
1,./aligned-images/matthew-perry/matthew-perry11255.png
1,./aligned-images/matthew-perry/matthew-perry11236.png
1,./aligned-images/matthew-perry/matthew-perry11216.png
1,./aligned-images/matthew-perry/matthew-perry11402.png
1,./aligned-images/matthew-perry/matthew-perry11192.png
1,./aligned-images/matthew-perry/matthew-perry11416.png
1,./aligned-images/matthew-perry/matthew-perry11205.png
1,./aligned-images/matthew-perry/matthew-perry11317.png
1,./aligned-images/matthew-perry/matthew-perry11291.png
1,./aligned-images/matthew-perry/matthew-perry11366.png
1,./aligned-images/matthew-perry/matthew-perry11329.png
1,./aligned-images/matthew-perry/matthew-perry11413.png
1,./aligned-images/matthew-perry/matthew-perry11353.png
1,./aligned-images/matthew-perry/matthew-perry11389.png
1,./aligned-images/matthew-perry/matthew-perry11212.png
1,./aligned-images/matthew-perry/matthew-perry11265.png
1,./aligned-images/matthew-perry/matthew-perry11409.png
1,./aligned-images/matthew-perry/matthew-perry11239.png
1,./aligned-images/matthew-perry/matthew-perry11275.png
1,./aligned-images/matthew-perry/matthew-perry11273.png
1,./aligned-images/matthew-perry/matthew-perry11345.png
1,./aligned-images/matthew-perry/matthew-perry11284.png
1,./aligned-images/matthew-perry/matthew-perry11422.png
1,./aligned-images/matthew-perry/matthew-perry11322.png
1,./aligned-images/matthew-perry/matthew-perry11267.png
1,./aligned-images/matthew-perry/matthew-perry11193.png
1,./aligned-images/matthew-perry/matthew-perry11283.png
1,./aligned-images/matthew-perry/matthew-perry11316.png
1,./aligned-images/matthew-perry/matthew-perry11187.png
1,./aligned-images/matthew-perry/matthew-perry11325.png
1,./aligned-images/matthew-perry/matthew-perry11229.png
1,./aligned-images/matthew-perry/matthew-perry11253.png
1,./aligned-images/matthew-perry/matthew-perry11257.png
1,./aligned-images/matthew-perry/matthew-perry11410.png
1,./aligned-images/matthew-perry/matthew-perry11230.png
1,./aligned-images/matthew-perry/matthew-perry11183.png
1,./aligned-images/matthew-perry/matthew-perry11256.png
1,./aligned-images/matthew-perry/matthew-perry11420.png
1,./aligned-images/matthew-perry/matthew-perry11177.png
1,./aligned-images/matthew-perry/matthew-perry11215.png
1,./aligned-images/matthew-perry/matthew-perry11264.png
1,./aligned-images/matthew-perry/matthew-perry11238.png
1,./aligned-images/matthew-perry/matthew-perry11378.png
1,./aligned-images/matthew-perry/matthew-perry11369.png
1,./aligned-images/matthew-perry/matthew-perry11383.png
1,./aligned-images/matthew-perry/matthew-perry11262.png
1,./aligned-images/matthew-perry/matthew-perry11333.png
1,./aligned-images/matthew-perry/matthew-perry11313.png
1,./aligned-images/matthew-perry/matthew-perry11175.png
1,./aligned-images/matthew-perry/matthew-perry11364.png
1,./aligned-images/matthew-perry/matthew-perry11412.png
1,./aligned-images/matthew-perry/matthew-perry11203.png
1,./aligned-images/matthew-perry/matthew-perry11271.png
1,./aligned-images/matthew-perry/matthew-perry11342.png
1,./aligned-images/matthew-perry/matthew-perry11390.png
1,./aligned-images/matthew-perry/matthew-perry11362.png
1,./aligned-images/matthew-perry/matthew-perry11226.png
1,./aligned-images/matthew-perry/matthew-perry11221.png
1,./aligned-images/matthew-perry/matthew-perry11237.png
1,./aligned-images/matthew-perry/matthew-perry11201.png
1,./aligned-images/matthew-perry/matthew-perry11382.png
1,./aligned-images/matthew-perry/matthew-perry11251.png
1,./aligned-images/matthew-perry/matthew-perry11393.png
1,./aligned-images/matthew-perry/matthew-perry11270.png
1,./aligned-images/matthew-perry/matthew-perry11286.png
1,./aligned-images/matthew-perry/matthew-perry11241.png
1,./aligned-images/matthew-perry/matthew-perry11217.png
1,./aligned-images/matthew-perry/matthew-perry11293.png
1,./aligned-images/matthew-perry/matthew-perry11328.png
1,./aligned-images/matthew-perry/matthew-perry11211.png
1,./aligned-images/matthew-perry/matthew-perry11196.png
1,./aligned-images/matthew-perry/matthew-perry11349.png
1,./aligned-images/matthew-perry/matthew-perry11336.png
1,./aligned-images/matthew-perry/matthew-perry11400.png
1,./aligned-images/matthew-perry/matthew-perry11295.png
1,./aligned-images/matthew-perry/matthew-perry11310.png
1,./aligned-images/matthew-perry/matthew-perry11296.png
1,./aligned-images/matthew-perry/matthew-perry11209.png
1,./aligned-images/matthew-perry/matthew-perry11357.png
1,./aligned-images/matthew-perry/matthew-perry11260.png
1,./aligned-images/matthew-perry/matthew-perry11189.png
1,./aligned-images/matthew-perry/matthew-perry11303.png
1,./aligned-images/matthew-perry/matthew-perry11367.png
1,./aligned-images/matthew-perry/matthew-perry11178.png
1,./aligned-images/matthew-perry/matthew-perry11406.png
1,./aligned-images/matthew-perry/matthew-perry11334.png
1,./aligned-images/matthew-perry/matthew-perry11359.png
1,./aligned-images/matthew-perry/matthew-perry11407.png
1,./aligned-images/matthew-perry/matthew-perry11269.png
1,./aligned-images/matthew-perry/matthew-perry11396.png
1,./aligned-images/matthew-perry/matthew-perry11188.png
1,./aligned-images/matthew-perry/matthew-perry11232.png
1,./aligned-images/matthew-perry/matthew-perry11356.png
1,./aligned-images/matthew-perry/matthew-perry11315.png
1,./aligned-images/matthew-perry/matthew-perry11274.png
1,./aligned-images/matthew-perry/matthew-perry11368.png
1,./aligned-images/matthew-perry/matthew-perry11246.png
1,./aligned-images/matthew-perry/matthew-perry11404.png
1,./aligned-images/matthew-perry/matthew-perry11258.png
1,./aligned-images/matthew-perry/matthew-perry11181.png
1,./aligned-images/matthew-perry/matthew-perry11250.png
1,./aligned-images/matthew-perry/matthew-perry11299.png
1,./aligned-images/matthew-perry/matthew-perry11298.png
1,./aligned-images/matthew-perry/matthew-perry11391.png
1,./aligned-images/matthew-perry/matthew-perry11224.png
1,./aligned-images/matthew-perry/matthew-perry11235.png
1,./aligned-images/matthew-perry/matthew-perry11197.png
1,./aligned-images/matthew-perry/matthew-perry11190.png
1,./aligned-images/matthew-perry/matthew-perry11300.png
1,./aligned-images/matthew-perry/matthew-perry11222.png
1,./aligned-images/matthew-perry/matthew-perry11228.png
1,./aligned-images/matthew-perry/matthew-perry11320.png
1,./aligned-images/matthew-perry/matthew-perry11306.png
1,./aligned-images/matthew-perry/matthew-perry11337.png
1,./aligned-images/matthew-perry/matthew-perry11288.png
1,./aligned-images/matthew-perry/matthew-perry11370.png
1,./aligned-images/matthew-perry/matthew-perry11421.png
1,./aligned-images/matthew-perry/matthew-perry11249.png
1,./aligned-images/matthew-perry/matthew-perry11277.png
1,./aligned-images/matthew-perry/matthew-perry11307.png
1,./aligned-images/matthew-perry/matthew-perry11245.png
1,./aligned-images/matthew-perry/matthew-perry11372.png
1,./aligned-images/matthew-perry/matthew-perry11399.png
1,./aligned-images/matthew-perry/matthew-perry11377.png
1,./aligned-images/matthew-perry/matthew-perry11207.png
1,./aligned-images/matthew-perry/matthew-perry11278.png
1,./aligned-images/matthew-perry/matthew-perry11305.png
1,./aligned-images/matthew-perry/matthew-perry11243.png
1,./aligned-images/matthew-perry/matthew-perry11202.png
1,./aligned-images/matthew-perry/matthew-perry11285.png
1,./aligned-images/matthew-perry/matthew-perry11388.png
1,./aligned-images/matthew-perry/matthew-perry11385.png
1,./aligned-images/matthew-perry/matthew-perry11287.png
1,./aligned-images/matthew-perry/matthew-perry11292.png
1,./aligned-images/matthew-perry/matthew-perry11309.png
1,./aligned-images/matthew-perry/matthew-perry11405.png
1,./aligned-images/matthew-perry/matthew-perry11346.png
1,./aligned-images/matthew-perry/matthew-perry11240.png
1,./aligned-images/matthew-perry/matthew-perry11318.png
1,./aligned-images/matthew-perry/matthew-perry11218.png
1,./aligned-images/matthew-perry/matthew-perry11225.png
1,./aligned-images/matthew-perry/matthew-perry11179.png
1,./aligned-images/matthew-perry/matthew-perry11176.png
1,./aligned-images/matthew-perry/matthew-perry11254.png
1,./aligned-images/matthew-perry/matthew-perry11308.png
1,./aligned-images/matthew-perry/matthew-perry11244.png
1,./aligned-images/matthew-perry/matthew-perry11234.png
1,./aligned-images/matthew-perry/matthew-perry11330.png
1,./aligned-images/matthew-perry/matthew-perry11414.png
1,./aligned-images/matthew-perry/matthew-perry11233.png
1,./aligned-images/matthew-perry/matthew-perry11347.png
1,./aligned-images/matthew-perry/matthew-perry11380.png
1,./aligned-images/matthew-perry/matthew-perry11339.png
1,./aligned-images/matthew-perry/matthew-perry11343.png
1,./aligned-images/matthew-perry/matthew-perry11411.png
1,./aligned-images/matthew-perry/matthew-perry11227.png
1,./aligned-images/matthew-perry/matthew-perry11289.png
1,./aligned-images/matthew-perry/matthew-perry11351.png
1,./aligned-images/matthew-perry/matthew-perry11266.png
1,./aligned-images/matthew-perry/matthew-perry11327.png
2,./aligned-images/samuel-l.-jackson/samuel-l.-jackson5117.png
2,./aligned-images/samuel-l.-jackson/samuel-l.-jackson5200.png
2,./aligned-images/samuel-l.-jackson/samuel-l.-jackson5162.png
2,./aligned-images/samuel-l.-jackson/samuel-l.-jackson5244.png
2,./aligned-images/samuel-l.-jackson/samuel-l.-jackson5122.png
2,./aligned-images/samuel-l.-jackson/samuel-l.-jackson5266.png
2,./aligned-images/samuel-l.-jackson/samuel-l.-jackson5137.png
2,./aligned-images/samuel-l.-jackson/samuel-l.-jackson5220.png
2,./aligned-images/samuel-l.-jackson/samuel-l.-jackson5225.png
2,./aligned-images/samuel-l.-jackson/samuel-l.-jackson5211.png
2,./aligned-images/samuel-l.-jackson/samuel-l.-jackson5201.png
2,./aligned-images/samuel-l.-jackson/samuel-l.-jackson5290.png
2,./aligned-images/samuel-l.-jackson/samuel-l.-jackson5284.png
2,./aligned-images/samuel-l.-jackson/samuel-l.-jackson5250.png
2,./aligned-images/samuel-l.-jackson/samuel-l.-jackson5157.png
2,./aligned-images/samuel-l.-jackson/samuel-l.-jackson5102.png
2,./aligned-images/samuel-l.-jackson/samuel-l.-jackson5144.png
2,./aligned-images/samuel-l.-jackson/samuel-l.-jackson5216.png
2,./aligned-images/samuel-l.-jackson/samuel-l.-jackson5238.png
2,./aligned-images/samuel-l.-jackson/samuel-l.-jackson5128.png
2,./aligned-images/samuel-l.-jackson/samuel-l.-jackson5197.png
2,./aligned-images/samuel-l.-jackson/samuel-l.-jackson5276.png
2,./aligned-images/samuel-l.-jackson/samuel-l.-jackson5295.png
2,./aligned-images/samuel-l.-jackson/samuel-l.-jackson5291.png
2,./aligned-images/samuel-l.-jackson/samuel-l.-jackson5159.png
2,./aligned-images/samuel-l.-jackson/samuel-l.-jackson5283.png
2,./aligned-images/samuel-l.-jackson/samuel-l.-jackson5280.png
2,./aligned-images/samuel-l.-jackson/samuel-l.-jackson5142.png
2,./aligned-images/samuel-l.-jackson/samuel-l.-jackson5140.png
2,./aligned-images/samuel-l.-jackson/samuel-l.-jackson5281.png
2,./aligned-images/samuel-l.-jackson/samuel-l.-jackson5206.png
2,./aligned-images/samuel-l.-jackson/samuel-l.-jackson5141.png
2,./aligned-images/samuel-l.-jackson/samuel-l.-jackson5273.png
2,./aligned-images/samuel-l.-jackson/samuel-l.-jackson5116.png
2,./aligned-images/samuel-l.-jackson/samuel-l.-jackson5287.png
2,./aligned-images/samuel-l.-jackson/samuel-l.-jackson5224.png
2,./aligned-images/samuel-l.-jackson/samuel-l.-jackson5285.png
2,./aligned-images/samuel-l.-jackson/samuel-l.-jackson5278.png
2,./aligned-images/samuel-l.-jackson/samuel-l.-jackson5179.png
2,./aligned-images/samuel-l.-jackson/samuel-l.-jackson5214.png
2,./aligned-images/samuel-l.-jackson/samuel-l.-jackson5217.png
2,./aligned-images/samuel-l.-jackson/samuel-l.-jackson5261.png
2,./aligned-images/samuel-l.-jackson/samuel-l.-jackson5272.png
2,./aligned-images/samuel-l.-jackson/samuel-l.-jackson5257.png
2,./aligned-images/samuel-l.-jackson/samuel-l.-jackson5248.png
2,./aligned-images/samuel-l.-jackson/samuel-l.-jackson5242.png
2,./aligned-images/samuel-l.-jackson/samuel-l.-jackson5184.png
2,./aligned-images/samuel-l.-jackson/samuel-l.-jackson5232.png
2,./aligned-images/samuel-l.-jackson/samuel-l.-jackson5173.png
2,./aligned-images/samuel-l.-jackson/samuel-l.-jackson5103.png
2,./aligned-images/samuel-l.-jackson/samuel-l.-jackson5289.png
2,./aligned-images/samuel-l.-jackson/samuel-l.-jackson5213.png
2,./aligned-images/samuel-l.-jackson/samuel-l.-jackson5158.png
2,./aligned-images/samuel-l.-jackson/samuel-l.-jackson5109.png
2,./aligned-images/samuel-l.-jackson/samuel-l.-jackson5294.png
2,./aligned-images/samuel-l.-jackson/samuel-l.-jackson5131.png
2,./aligned-images/samuel-l.-jackson/samuel-l.-jackson5286.png
2,./aligned-images/samuel-l.-jackson/samuel-l.-jackson5130.png
2,./aligned-images/samuel-l.-jackson/samuel-l.-jackson5105.png
2,./aligned-images/samuel-l.-jackson/samuel-l.-jackson5108.png
2,./aligned-images/samuel-l.-jackson/samuel-l.-jackson5135.png
2,./aligned-images/samuel-l.-jackson/samuel-l.-jackson5258.png
2,./aligned-images/samuel-l.-jackson/samuel-l.-jackson5249.png
2,./aligned-images/samuel-l.-jackson/samuel-l.-jackson5151.png
2,./aligned-images/samuel-l.-jackson/samuel-l.-jackson5133.png
2,./aligned-images/samuel-l.-jackson/samuel-l.-jackson5235.png
2,./aligned-images/samuel-l.-jackson/samuel-l.-jackson5239.png
2,./aligned-images/samuel-l.-jackson/samuel-l.-jackson5303.png
2,./aligned-images/samuel-l.-jackson/samuel-l.-jackson5154.png
2,./aligned-images/samuel-l.-jackson/samuel-l.-jackson5234.png
2,./aligned-images/samuel-l.-jackson/samuel-l.-jackson5256.png
2,./aligned-images/samuel-l.-jackson/samuel-l.-jackson5155.png
2,./aligned-images/samuel-l.-jackson/samuel-l.-jackson5146.png
2,./aligned-images/samuel-l.-jackson/samuel-l.-jackson5114.png
2,./aligned-images/samuel-l.-jackson/samuel-l.-jackson5226.png
2,./aligned-images/samuel-l.-jackson/samuel-l.-jackson5165.png
2,./aligned-images/samuel-l.-jackson/samuel-l.-jackson5121.png
2,./aligned-images/samuel-l.-jackson/samuel-l.-jackson5164.png
2,./aligned-images/samuel-l.-jackson/samuel-l.-jackson5209.png
2,./aligned-images/samuel-l.-jackson/samuel-l.-jackson5192.png
2,./aligned-images/samuel-l.-jackson/samuel-l.-jackson5210.png
2,./aligned-images/samuel-l.-jackson/samuel-l.-jackson5259.png
2,./aligned-images/samuel-l.-jackson/samuel-l.-jackson5207.png
2,./aligned-images/samuel-l.-jackson/samuel-l.-jackson5132.png
2,./aligned-images/samuel-l.-jackson/samuel-l.-jackson5177.png
2,./aligned-images/samuel-l.-jackson/samuel-l.-jackson5264.png
2,./aligned-images/samuel-l.-jackson/samuel-l.-jackson5270.png
2,./aligned-images/samuel-l.-jackson/samuel-l.-jackson5195.png
2,./aligned-images/samuel-l.-jackson/samuel-l.-jackson5269.png
2,./aligned-images/samuel-l.-jackson/samuel-l.-jackson5182.png
2,./aligned-images/samuel-l.-jackson/samuel-l.-jackson5243.png
2,./aligned-images/samuel-l.-jackson/samuel-l.-jackson5150.png
2,./aligned-images/samuel-l.-jackson/samuel-l.-jackson5174.png
2,./aligned-images/samuel-l.-jackson/samuel-l.-jackson5185.png
2,./aligned-images/samuel-l.-jackson/samuel-l.-jackson5125.png
2,./aligned-images/samuel-l.-jackson/samuel-l.-jackson5265.png
2,./aligned-images/samuel-l.-jackson/samuel-l.-jackson5168.png
2,./aligned-images/samuel-l.-jackson/samuel-l.-jackson5147.png
2,./aligned-images/samuel-l.-jackson/samuel-l.-jackson5187.png
2,./aligned-images/samuel-l.-jackson/samuel-l.-jackson5152.png
2,./aligned-images/samuel-l.-jackson/samuel-l.-jackson5129.png
2,./aligned-images/samuel-l.-jackson/samuel-l.-jackson5212.png
2,./aligned-images/samuel-l.-jackson/samuel-l.-jackson5170.png
2,./aligned-images/samuel-l.-jackson/samuel-l.-jackson5230.png
2,./aligned-images/samuel-l.-jackson/samuel-l.-jackson5163.png
2,./aligned-images/samuel-l.-jackson/samuel-l.-jackson5274.png
2,./aligned-images/samuel-l.-jackson/samuel-l.-jackson5104.png
2,./aligned-images/samuel-l.-jackson/samuel-l.-jackson5231.png
2,./aligned-images/samuel-l.-jackson/samuel-l.-jackson5282.png
3,./aligned-images/colin-firth/colin-firth12336.png
3,./aligned-images/colin-firth/colin-firth12182.png
3,./aligned-images/colin-firth/colin-firth12206.png
3,./aligned-images/colin-firth/colin-firth12330.png
3,./aligned-images/colin-firth/colin-firth12311.png
3,./aligned-images/colin-firth/colin-firth12217.png
3,./aligned-images/colin-firth/colin-firth12216.png
3,./aligned-images/colin-firth/colin-firth12215.png
3,./aligned-images/colin-firth/colin-firth12222.png
3,./aligned-images/colin-firth/colin-firth12320.png
3,./aligned-images/colin-firth/colin-firth12360.png
3,./aligned-images/colin-firth/colin-firth12218.png
3,./aligned-images/colin-firth/colin-firth12376.png
3,./aligned-images/colin-firth/colin-firth12408.png
3,./aligned-images/colin-firth/colin-firth12428.png
3,./aligned-images/colin-firth/colin-firth12259.png
3,./aligned-images/colin-firth/colin-firth12326.png
3,./aligned-images/colin-firth/colin-firth12287.png
3,./aligned-images/colin-firth/colin-firth12198.png
3,./aligned-images/colin-firth/colin-firth12186.png
3,./aligned-images/colin-firth/colin-firth12230.png
3,./aligned-images/colin-firth/colin-firth12281.png
3,./aligned-images/colin-firth/colin-firth12258.png
3,./aligned-images/colin-firth/colin-firth12343.png
3,./aligned-images/colin-firth/colin-firth12427.png
3,./aligned-images/colin-firth/colin-firth12337.png
3,./aligned-images/colin-firth/colin-firth12260.png
3,./aligned-images/colin-firth/colin-firth12200.png
3,./aligned-images/colin-firth/colin-firth12391.png
3,./aligned-images/colin-firth/colin-firth12375.png
3,./aligned-images/colin-firth/colin-firth12197.png
3,./aligned-images/colin-firth/colin-firth12210.png
3,./aligned-images/colin-firth/colin-firth12232.png
3,./aligned-images/colin-firth/colin-firth12396.png
3,./aligned-images/colin-firth/colin-firth12209.png
3,./aligned-images/colin-firth/colin-firth12414.png
3,./aligned-images/colin-firth/colin-firth12417.png
3,./aligned-images/colin-firth/colin-firth12253.png
3,./aligned-images/colin-firth/colin-firth12267.png
3,./aligned-images/colin-firth/colin-firth12187.png
3,./aligned-images/colin-firth/colin-firth12415.png
3,./aligned-images/colin-firth/colin-firth12251.png
3,./aligned-images/colin-firth/colin-firth12409.png
3,./aligned-images/colin-firth/colin-firth12237.png
3,./aligned-images/colin-firth/colin-firth12328.png
3,./aligned-images/colin-firth/colin-firth12166.png
3,./aligned-images/colin-firth/colin-firth12332.png
3,./aligned-images/colin-firth/colin-firth12407.png
3,./aligned-images/colin-firth/colin-firth12303.png
3,./aligned-images/colin-firth/colin-firth12178.png
3,./aligned-images/colin-firth/colin-firth12368.png
3,./aligned-images/colin-firth/colin-firth12395.png
3,./aligned-images/colin-firth/colin-firth12293.png
3,./aligned-images/colin-firth/colin-firth12429.png
3,./aligned-images/colin-firth/colin-firth12252.png
3,./aligned-images/colin-firth/colin-firth12344.png
3,./aligned-images/colin-firth/colin-firth12361.png
3,./aligned-images/colin-firth/colin-firth12327.png
3,./aligned-images/colin-firth/colin-firth12277.png
3,./aligned-images/colin-firth/colin-firth12359.png
3,./aligned-images/colin-firth/colin-firth12366.png
3,./aligned-images/colin-firth/colin-firth12286.png
3,./aligned-images/colin-firth/colin-firth12263.png
3,./aligned-images/colin-firth/colin-firth12179.png
3,./aligned-images/colin-firth/colin-firth12212.png
3,./aligned-images/colin-firth/colin-firth12426.png
3,./aligned-images/colin-firth/colin-firth12169.png
3,./aligned-images/colin-firth/colin-firth12207.png
3,./aligned-images/colin-firth/colin-firth12174.png
3,./aligned-images/colin-firth/colin-firth12300.png
3,./aligned-images/colin-firth/colin-firth12170.png
3,./aligned-images/colin-firth/colin-firth12380.png
3,./aligned-images/colin-firth/colin-firth12226.png
3,./aligned-images/colin-firth/colin-firth12392.png
3,./aligned-images/colin-firth/colin-firth12271.png
3,./aligned-images/colin-firth/colin-firth12388.png
3,./aligned-images/colin-firth/colin-firth12340.png
3,./aligned-images/colin-firth/colin-firth12430.png
3,./aligned-images/colin-firth/colin-firth12167.png
3,./aligned-images/colin-firth/colin-firth12423.png
3,./aligned-images/colin-firth/colin-firth12316.png
3,./aligned-images/colin-firth/colin-firth12225.png
3,./aligned-images/colin-firth/colin-firth12233.png
3,./aligned-images/colin-firth/colin-firth12269.png
3,./aligned-images/colin-firth/colin-firth12204.png
3,./aligned-images/colin-firth/colin-firth12180.png
3,./aligned-images/colin-firth/colin-firth12274.png
3,./aligned-images/colin-firth/colin-firth12386.png
3,./aligned-images/colin-firth/colin-firth12188.png
3,./aligned-images/colin-firth/colin-firth12177.png
3,./aligned-images/colin-firth/colin-firth12176.png
3,./aligned-images/colin-firth/colin-firth12406.png
3,./aligned-images/colin-firth/colin-firth12195.png
3,./aligned-images/colin-firth/colin-firth12284.png
3,./aligned-images/colin-firth/colin-firth12288.png
3,./aligned-images/colin-firth/colin-firth12378.png
3,./aligned-images/colin-firth/colin-firth12379.png
3,./aligned-images/colin-firth/colin-firth12372.png
3,./aligned-images/colin-firth/colin-firth12420.png
3,./aligned-images/colin-firth/colin-firth12255.png
3,./aligned-images/colin-firth/colin-firth12272.png
3,./aligned-images/colin-firth/colin-firth12223.png
3,./aligned-images/colin-firth/colin-firth12333.png
3,./aligned-images/colin-firth/colin-firth12171.png
3,./aligned-images/colin-firth/colin-firth12308.png
3,./aligned-images/colin-firth/colin-firth12208.png
3,./aligned-images/colin-firth/colin-firth12422.png
3,./aligned-images/colin-firth/colin-firth12250.png
3,./aligned-images/colin-firth/colin-firth12349.png
3,./aligned-images/colin-firth/colin-firth12383.png
3,./aligned-images/colin-firth/colin-firth12371.png
3,./aligned-images/colin-firth/colin-firth12191.png
3,./aligned-images/colin-firth/colin-firth12413.png
3,./aligned-images/colin-firth/colin-firth12373.png
3,./aligned-images/colin-firth/colin-firth12357.png
3,./aligned-images/colin-firth/colin-firth12238.png
3,./aligned-images/colin-firth/colin-firth12370.png
3,./aligned-images/colin-firth/colin-firth12389.png
3,./aligned-images/colin-firth/colin-firth12276.png
3,./aligned-images/colin-firth/colin-firth12249.png
3,./aligned-images/colin-firth/colin-firth12381.png
3,./aligned-images/colin-firth/colin-firth12403.png
3,./aligned-images/colin-firth/colin-firth12307.png
3,./aligned-images/colin-firth/colin-firth12297.png
3,./aligned-images/colin-firth/colin-firth12347.png
3,./aligned-images/colin-firth/colin-firth12355.png
3,./aligned-images/colin-firth/colin-firth12183.png
3,./aligned-images/colin-firth/colin-firth12168.png
3,./aligned-images/colin-firth/colin-firth12224.png
3,./aligned-images/colin-firth/colin-firth12351.png
3,./aligned-images/colin-firth/colin-firth12425.png
3,./aligned-images/colin-firth/colin-firth12295.png
3,./aligned-images/colin-firth/colin-firth12382.png
3,./aligned-images/colin-firth/colin-firth12412.png
3,./aligned-images/colin-firth/colin-firth12411.png
3,./aligned-images/colin-firth/colin-firth12296.png
3,./aligned-images/colin-firth/colin-firth12190.png
3,./aligned-images/colin-firth/colin-firth12301.png
3,./aligned-images/colin-firth/colin-firth12321.png
3,./aligned-images/colin-firth/colin-firth12346.png
3,./aligned-images/colin-firth/colin-firth12363.png
3,./aligned-images/colin-firth/colin-firth12312.png
3,./aligned-images/colin-firth/colin-firth12220.png
3,./aligned-images/colin-firth/colin-firth12424.png
3,./aligned-images/colin-firth/colin-firth12341.png
3,./aligned-images/colin-firth/colin-firth12227.png
3,./aligned-images/colin-firth/colin-firth12213.png
3,./aligned-images/colin-firth/colin-firth12310.png
3,./aligned-images/colin-firth/colin-firth12354.png
3,./aligned-images/colin-firth/colin-firth12172.png
3,./aligned-images/colin-firth/colin-firth12285.png
3,./aligned-images/colin-firth/colin-firth12234.png
3,./aligned-images/colin-firth/colin-firth12194.png
3,./aligned-images/colin-firth/colin-firth12387.png
3,./aligned-images/colin-firth/colin-firth12266.png
3,./aligned-images/colin-firth/colin-firth12385.png
3,./aligned-images/colin-firth/colin-firth12318.png
3,./aligned-images/colin-firth/colin-firth12377.png
3,./aligned-images/colin-firth/colin-firth12397.png
3,./aligned-images/colin-firth/colin-firth12202.png
3,./aligned-images/colin-firth/colin-firth12268.png
3,./aligned-images/colin-firth/colin-firth12273.png
3,./aligned-images/colin-firth/colin-firth12283.png
3,./aligned-images/colin-firth/colin-firth12219.png
3,./aligned-images/colin-firth/colin-firth12231.png
3,./aligned-images/colin-firth/colin-firth12265.png
3,./aligned-images/colin-firth/colin-firth12410.png
3,./aligned-images/colin-firth/colin-firth12247.png
3,./aligned-images/colin-firth/colin-firth12298.png
3,./aligned-images/colin-firth/colin-firth12315.png
3,./aligned-images/colin-firth/colin-firth12245.png
3,./aligned-images/colin-firth/colin-firth12384.png
3,./aligned-images/colin-firth/colin-firth12292.png
3,./aligned-images/colin-firth/colin-firth12394.png
3,./aligned-images/colin-firth/colin-firth12196.png
3,./aligned-images/colin-firth/colin-firth12304.png
3,./aligned-images/colin-firth/colin-firth12323.png
3,./aligned-images/colin-firth/colin-firth12390.png
3,./aligned-images/colin-firth/colin-firth12280.png
3,./aligned-images/colin-firth/colin-firth12405.png
3,./aligned-images/colin-firth/colin-firth12279.png
3,./aligned-images/colin-firth/colin-firth12235.png
3,./aligned-images/colin-firth/colin-firth12401.png
3,./aligned-images/colin-firth/colin-firth12362.png
4,./aligned-images/tatyana-m.-ali/tatyana-m.-ali1334.png
4,./aligned-images/tatyana-m.-ali/tatyana-m.-ali1360.png
4,./aligned-images/tatyana-m.-ali/tatyana-m.-ali1316.png
4,./aligned-images/tatyana-m.-ali/tatyana-m.-ali1250.png
4,./aligned-images/tatyana-m.-ali/tatyana-m.-ali1362.png
4,./aligned-images/tatyana-m.-ali/tatyana-m.-ali1323.png
4,./aligned-images/tatyana-m.-ali/tatyana-m.-ali1315.png
4,./aligned-images/tatyana-m.-ali/tatyana-m.-ali1371.png
4,./aligned-images/tatyana-m.-ali/tatyana-m.-ali1237.png
4,./aligned-images/tatyana-m.-ali/tatyana-m.-ali1219.png
4,./aligned-images/tatyana-m.-ali/tatyana-m.-ali1218.png
4,./aligned-images/tatyana-m.-ali/tatyana-m.-ali1348.png
4,./aligned-images/tatyana-m.-ali/tatyana-m.-ali1372.png
4,./aligned-images/tatyana-m.-ali/tatyana-m.-ali1338.png
4,./aligned-images/tatyana-m.-ali/tatyana-m.-ali1317.png
4,./aligned-images/tatyana-m.-ali/tatyana-m.-ali1342.png
4,./aligned-images/tatyana-m.-ali/tatyana-m.-ali1359.png
4,./aligned-images/tatyana-m.-ali/tatyana-m.-ali1249.png
4,./aligned-images/tatyana-m.-ali/tatyana-m.-ali1326.png
4,./aligned-images/tatyana-m.-ali/tatyana-m.-ali1353.png
4,./aligned-images/tatyana-m.-ali/tatyana-m.-ali1275.png
4,./aligned-images/tatyana-m.-ali/tatyana-m.-ali1288.png
4,./aligned-images/tatyana-m.-ali/tatyana-m.-ali1293.png
4,./aligned-images/tatyana-m.-ali/tatyana-m.-ali1354.png
4,./aligned-images/tatyana-m.-ali/tatyana-m.-ali1339.png
4,./aligned-images/tatyana-m.-ali/tatyana-m.-ali1230.png
4,./aligned-images/tatyana-m.-ali/tatyana-m.-ali1238.png
4,./aligned-images/tatyana-m.-ali/tatyana-m.-ali1369.png
4,./aligned-images/tatyana-m.-ali/tatyana-m.-ali1244.png
4,./aligned-images/tatyana-m.-ali/tatyana-m.-ali1335.png
4,./aligned-images/tatyana-m.-ali/tatyana-m.-ali1367.png
4,./aligned-images/tatyana-m.-ali/tatyana-m.-ali1200.png
4,./aligned-images/tatyana-m.-ali/tatyana-m.-ali1224.png
4,./aligned-images/tatyana-m.-ali/tatyana-m.-ali1260.png
4,./aligned-images/tatyana-m.-ali/tatyana-m.-ali1312.png
4,./aligned-images/tatyana-m.-ali/tatyana-m.-ali1286.png
4,./aligned-images/tatyana-m.-ali/tatyana-m.-ali1222.png
4,./aligned-images/tatyana-m.-ali/tatyana-m.-ali1263.png
4,./aligned-images/tatyana-m.-ali/tatyana-m.-ali1291.png
4,./aligned-images/tatyana-m.-ali/tatyana-m.-ali1231.png
4,./aligned-images/tatyana-m.-ali/tatyana-m.-ali1241.png
4,./aligned-images/tatyana-m.-ali/tatyana-m.-ali1309.png
4,./aligned-images/tatyana-m.-ali/tatyana-m.-ali1247.png
4,./aligned-images/tatyana-m.-ali/tatyana-m.-ali1255.png
4,./aligned-images/tatyana-m.-ali/tatyana-m.-ali1199.png
4,./aligned-images/tatyana-m.-ali/tatyana-m.-ali1283.png
4,./aligned-images/tatyana-m.-ali/tatyana-m.-ali1356.png
4,./aligned-images/tatyana-m.-ali/tatyana-m.-ali1282.png
4,./aligned-images/tatyana-m.-ali/tatyana-m.-ali1259.png
4,./aligned-images/tatyana-m.-ali/tatyana-m.-ali1355.png
4,./aligned-images/tatyana-m.-ali/tatyana-m.-ali1329.png
4,./aligned-images/tatyana-m.-ali/tatyana-m.-ali1305.png
4,./aligned-images/tatyana-m.-ali/tatyana-m.-ali1235.png
4,./aligned-images/tatyana-m.-ali/tatyana-m.-ali1258.png
4,./aligned-images/tatyana-m.-ali/tatyana-m.-ali1228.png
4,./aligned-images/tatyana-m.-ali/tatyana-m.-ali1349.png
4,./aligned-images/tatyana-m.-ali/tatyana-m.-ali1233.png
4,./aligned-images/tatyana-m.-ali/tatyana-m.-ali1287.png
4,./aligned-images/tatyana-m.-ali/tatyana-m.-ali1194.png
4,./aligned-images/tatyana-m.-ali/tatyana-m.-ali1243.png
4,./aligned-images/tatyana-m.-ali/tatyana-m.-ali1257.png
4,./aligned-images/tatyana-m.-ali/tatyana-m.-ali1365.png
4,./aligned-images/tatyana-m.-ali/tatyana-m.-ali1284.png
4,./aligned-images/tatyana-m.-ali/tatyana-m.-ali1292.png
4,./aligned-images/tatyana-m.-ali/tatyana-m.-ali1193.png
4,./aligned-images/tatyana-m.-ali/tatyana-m.-ali1319.png
4,./aligned-images/tatyana-m.-ali/tatyana-m.-ali1266.png
4,./aligned-images/tatyana-m.-ali/tatyana-m.-ali1350.png
4,./aligned-images/tatyana-m.-ali/tatyana-m.-ali1226.png
4,./aligned-images/tatyana-m.-ali/tatyana-m.-ali1296.png
4,./aligned-images/tatyana-m.-ali/tatyana-m.-ali1361.png
4,./aligned-images/tatyana-m.-ali/tatyana-m.-ali1307.png
4,./aligned-images/tatyana-m.-ali/tatyana-m.-ali1295.png
4,./aligned-images/tatyana-m.-ali/tatyana-m.-ali1347.png
4,./aligned-images/tatyana-m.-ali/tatyana-m.-ali1212.png
4,./aligned-images/tatyana-m.-ali/tatyana-m.-ali1271.png
4,./aligned-images/tatyana-m.-ali/tatyana-m.-ali1337.png
4,./aligned-images/tatyana-m.-ali/tatyana-m.-ali1201.png
4,./aligned-images/tatyana-m.-ali/tatyana-m.-ali1210.png
4,./aligned-images/tatyana-m.-ali/tatyana-m.-ali1363.png
4,./aligned-images/tatyana-m.-ali/tatyana-m.-ali1340.png
4,./aligned-images/tatyana-m.-ali/tatyana-m.-ali1304.png
4,./aligned-images/tatyana-m.-ali/tatyana-m.-ali1264.png
4,./aligned-images/tatyana-m.-ali/tatyana-m.-ali1300.png
4,./aligned-images/tatyana-m.-ali/tatyana-m.-ali1321.png
4,./aligned-images/tatyana-m.-ali/tatyana-m.-ali1324.png
4,./aligned-images/tatyana-m.-ali/tatyana-m.-ali1306.png
4,./aligned-images/tatyana-m.-ali/tatyana-m.-ali1246.png
4,./aligned-images/tatyana-m.-ali/tatyana-m.-ali1204.png
4,./aligned-images/tatyana-m.-ali/tatyana-m.-ali1234.png
4,./aligned-images/tatyana-m.-ali/tatyana-m.-ali1276.png
4,./aligned-images/tatyana-m.-ali/tatyana-m.-ali1314.png
4,./aligned-images/tatyana-m.-ali/tatyana-m.-ali1214.png
4,./aligned-images/tatyana-m.-ali/tatyana-m.-ali1303.png
4,./aligned-images/tatyana-m.-ali/tatyana-m.-ali1206.png
4,./aligned-images/tatyana-m.-ali/tatyana-m.-ali1325.png
4,./aligned-images/tatyana-m.-ali/tatyana-m.-ali1366.png
4,./aligned-images/tatyana-m.-ali/tatyana-m.-ali1223.png
4,./aligned-images/tatyana-m.-ali/tatyana-m.-ali1331.png
5,./aligned-images/kristin-chenoweth/kristin-chenoweth5573.png
5,./aligned-images/kristin-chenoweth/kristin-chenoweth5634.png
5,./aligned-images/kristin-chenoweth/kristin-chenoweth5504.png
5,./aligned-images/kristin-chenoweth/kristin-chenoweth5671.png
5,./aligned-images/kristin-chenoweth/kristin-chenoweth5487.png
5,./aligned-images/kristin-chenoweth/kristin-chenoweth5693.png
5,./aligned-images/kristin-chenoweth/kristin-chenoweth5686.png
5,./aligned-images/kristin-chenoweth/kristin-chenoweth5430.png
5,./aligned-images/kristin-chenoweth/kristin-chenoweth5466.png
5,./aligned-images/kristin-chenoweth/kristin-chenoweth5524.png
5,./aligned-images/kristin-chenoweth/kristin-chenoweth5714.png
5,./aligned-images/kristin-chenoweth/kristin-chenoweth5447.png
5,./aligned-images/kristin-chenoweth/kristin-chenoweth5412.png
5,./aligned-images/kristin-chenoweth/kristin-chenoweth5517.png
5,./aligned-images/kristin-chenoweth/kristin-chenoweth5409.png
5,./aligned-images/kristin-chenoweth/kristin-chenoweth5422.png
5,./aligned-images/kristin-chenoweth/kristin-chenoweth5442.png
5,./aligned-images/kristin-chenoweth/kristin-chenoweth5689.png
5,./aligned-images/kristin-chenoweth/kristin-chenoweth5538.png
5,./aligned-images/kristin-chenoweth/kristin-chenoweth5492.png
5,./aligned-images/kristin-chenoweth/kristin-chenoweth5599.png
5,./aligned-images/kristin-chenoweth/kristin-chenoweth5531.png
5,./aligned-images/kristin-chenoweth/kristin-chenoweth5425.png
5,./aligned-images/kristin-chenoweth/kristin-chenoweth5533.png
5,./aligned-images/kristin-chenoweth/kristin-chenoweth5598.png
5,./aligned-images/kristin-chenoweth/kristin-chenoweth5607.png
5,./aligned-images/kristin-chenoweth/kristin-chenoweth5590.png
5,./aligned-images/kristin-chenoweth/kristin-chenoweth5570.png
5,./aligned-images/kristin-chenoweth/kristin-chenoweth5532.png
5,./aligned-images/kristin-chenoweth/kristin-chenoweth5709.png
5,./aligned-images/kristin-chenoweth/kristin-chenoweth5551.png
5,./aligned-images/kristin-chenoweth/kristin-chenoweth5592.png
5,./aligned-images/kristin-chenoweth/kristin-chenoweth5596.png
5,./aligned-images/kristin-chenoweth/kristin-chenoweth5620.png
5,./aligned-images/kristin-chenoweth/kristin-chenoweth5534.png
5,./aligned-images/kristin-chenoweth/kristin-chenoweth5606.png
5,./aligned-images/kristin-chenoweth/kristin-chenoweth5653.png
5,./aligned-images/kristin-chenoweth/kristin-chenoweth5575.png
5,./aligned-images/kristin-chenoweth/kristin-chenoweth5488.png
5,./aligned-images/kristin-chenoweth/kristin-chenoweth5491.png
5,./aligned-images/kristin-chenoweth/kristin-chenoweth5454.png
5,./aligned-images/kristin-chenoweth/kristin-chenoweth5449.png
5,./aligned-images/kristin-chenoweth/kristin-chenoweth5640.png
5,./aligned-images/kristin-chenoweth/kristin-chenoweth5589.png
5,./aligned-images/kristin-chenoweth/kristin-chenoweth5680.png
5,./aligned-images/kristin-chenoweth/kristin-chenoweth5580.png
5,./aligned-images/kristin-chenoweth/kristin-chenoweth5698.png
5,./aligned-images/kristin-chenoweth/kristin-chenoweth5539.png
5,./aligned-images/kristin-chenoweth/kristin-chenoweth5545.png
5,./aligned-images/kristin-chenoweth/kristin-chenoweth5555.png
5,./aligned-images/kristin-chenoweth/kristin-chenoweth5579.png
5,./aligned-images/kristin-chenoweth/kristin-chenoweth5631.png
5,./aligned-images/kristin-chenoweth/kristin-chenoweth5594.png
5,./aligned-images/kristin-chenoweth/kristin-chenoweth5647.png
5,./aligned-images/kristin-chenoweth/kristin-chenoweth5645.png
5,./aligned-images/kristin-chenoweth/kristin-chenoweth5489.png
5,./aligned-images/kristin-chenoweth/kristin-chenoweth5468.png
5,./aligned-images/kristin-chenoweth/kristin-chenoweth5472.png
5,./aligned-images/kristin-chenoweth/kristin-chenoweth5673.png
5,./aligned-images/kristin-chenoweth/kristin-chenoweth5561.png
5,./aligned-images/kristin-chenoweth/kristin-chenoweth5713.png
5,./aligned-images/kristin-chenoweth/kristin-chenoweth5643.png
5,./aligned-images/kristin-chenoweth/kristin-chenoweth5621.png
5,./aligned-images/kristin-chenoweth/kristin-chenoweth5613.png
5,./aligned-images/kristin-chenoweth/kristin-chenoweth5699.png
5,./aligned-images/kristin-chenoweth/kristin-chenoweth5434.png
5,./aligned-images/kristin-chenoweth/kristin-chenoweth5672.png
5,./aligned-images/kristin-chenoweth/kristin-chenoweth5710.png
5,./aligned-images/kristin-chenoweth/kristin-chenoweth5632.png
5,./aligned-images/kristin-chenoweth/kristin-chenoweth5458.png
5,./aligned-images/kristin-chenoweth/kristin-chenoweth5716.png
5,./aligned-images/kristin-chenoweth/kristin-chenoweth5482.png
5,./aligned-images/kristin-chenoweth/kristin-chenoweth5552.png
5,./aligned-images/kristin-chenoweth/kristin-chenoweth5668.png
5,./aligned-images/kristin-chenoweth/kristin-chenoweth5568.png
5,./aligned-images/kristin-chenoweth/kristin-chenoweth5550.png
5,./aligned-images/kristin-chenoweth/kristin-chenoweth5427.png
5,./aligned-images/kristin-chenoweth/kristin-chenoweth5516.png
5,./aligned-images/kristin-chenoweth/kristin-chenoweth5547.png
5,./aligned-images/kristin-chenoweth/kristin-chenoweth5560.png
5,./aligned-images/kristin-chenoweth/kristin-chenoweth5455.png
5,./aligned-images/kristin-chenoweth/kristin-chenoweth5711.png
5,./aligned-images/kristin-chenoweth/kristin-chenoweth5527.png
5,./aligned-images/kristin-chenoweth/kristin-chenoweth5510.png
5,./aligned-images/kristin-chenoweth/kristin-chenoweth5649.png
5,./aligned-images/kristin-chenoweth/kristin-chenoweth5417.png
5,./aligned-images/kristin-chenoweth/kristin-chenoweth5556.png
5,./aligned-images/kristin-chenoweth/kristin-chenoweth5456.png
5,./aligned-images/kristin-chenoweth/kristin-chenoweth5420.png
5,./aligned-images/kristin-chenoweth/kristin-chenoweth5402.png
5,./aligned-images/kristin-chenoweth/kristin-chenoweth5511.png
5,./aligned-images/kristin-chenoweth/kristin-chenoweth5670.png
5,./aligned-images/kristin-chenoweth/kristin-chenoweth5469.png
5,./aligned-images/kristin-chenoweth/kristin-chenoweth5501.png
5,./aligned-images/kristin-chenoweth/kristin-chenoweth5528.png
5,./aligned-images/kristin-chenoweth/kristin-chenoweth5654.png
5,./aligned-images/kristin-chenoweth/kristin-chenoweth5682.png
5,./aligned-images/kristin-chenoweth/kristin-chenoweth5413.png
5,./aligned-images/kristin-chenoweth/kristin-chenoweth5702.png
5,./aligned-images/kristin-chenoweth/kristin-chenoweth5717.png
5,./aligned-images/kristin-chenoweth/kristin-chenoweth5609.png
5,./aligned-images/kristin-chenoweth/kristin-chenoweth5515.png
5,./aligned-images/kristin-chenoweth/kristin-chenoweth5688.png
5,./aligned-images/kristin-chenoweth/kristin-chenoweth5706.png
5,./aligned-images/kristin-chenoweth/kristin-chenoweth5507.png
5,./aligned-images/kristin-chenoweth/kristin-chenoweth5520.png
5,./aligned-images/kristin-chenoweth/kristin-chenoweth5679.png
5,./aligned-images/kristin-chenoweth/kristin-chenoweth5514.png
5,./aligned-images/kristin-chenoweth/kristin-chenoweth5457.png
5,./aligned-images/kristin-chenoweth/kristin-chenoweth5525.png
5,./aligned-images/kristin-chenoweth/kristin-chenoweth5484.png
5,./aligned-images/kristin-chenoweth/kristin-chenoweth5666.png
5,./aligned-images/kristin-chenoweth/kristin-chenoweth5617.png
5,./aligned-images/kristin-chenoweth/kristin-chenoweth5473.png
5,./aligned-images/kristin-chenoweth/kristin-chenoweth5644.png
5,./aligned-images/kristin-chenoweth/kristin-chenoweth5554.png
5,./aligned-images/kristin-chenoweth/kristin-chenoweth5660.png
5,./aligned-images/kristin-chenoweth/kristin-chenoweth5470.png
5,./aligned-images/kristin-chenoweth/kristin-chenoweth5650.png
5,./aligned-images/kristin-chenoweth/kristin-chenoweth5567.png
5,./aligned-images/kristin-chenoweth/kristin-chenoweth5703.png
5,./aligned-images/kristin-chenoweth/kristin-chenoweth5636.png
5,./aligned-images/kristin-chenoweth/kristin-chenoweth5633.png
5,./aligned-images/kristin-chenoweth/kristin-chenoweth5505.png
5,./aligned-images/kristin-chenoweth/kristin-chenoweth5664.png
5,./aligned-images/kristin-chenoweth/kristin-chenoweth5571.png
5,./aligned-images/kristin-chenoweth/kristin-chenoweth5453.png
5,./aligned-images/kristin-chenoweth/kristin-chenoweth5522.png
5,./aligned-images/kristin-chenoweth/kristin-chenoweth5513.png
5,./aligned-images/kristin-chenoweth/kristin-chenoweth5509.png
5,./aligned-images/kristin-chenoweth/kristin-chenoweth5558.png
5,./aligned-images/kristin-chenoweth/kristin-chenoweth5428.png
5,./aligned-images/kristin-chenoweth/kristin-chenoweth5676.png
5,./aligned-images/kristin-chenoweth/kristin-chenoweth5625.png
5,./aligned-images/kristin-chenoweth/kristin-chenoweth5663.png
5,./aligned-images/kristin-chenoweth/kristin-chenoweth5421.png
5,./aligned-images/kristin-chenoweth/kristin-chenoweth5446.png
5,./aligned-images/kristin-chenoweth/kristin-chenoweth5410.png
5,./aligned-images/kristin-chenoweth/kristin-chenoweth5651.png
5,./aligned-images/kristin-chenoweth/kristin-chenoweth5603.png
5,./aligned-images/kristin-chenoweth/kristin-chenoweth5569.png
5,./aligned-images/kristin-chenoweth/kristin-chenoweth5669.png
5,./aligned-images/kristin-chenoweth/kristin-chenoweth5462.png
5,./aligned-images/kristin-chenoweth/kristin-chenoweth5646.png
5,./aligned-images/kristin-chenoweth/kristin-chenoweth5483.png
5,./aligned-images/kristin-chenoweth/kristin-chenoweth5610.png
5,./aligned-images/kristin-chenoweth/kristin-chenoweth5586.png
5,./aligned-images/kristin-chenoweth/kristin-chenoweth5684.png
5,./aligned-images/kristin-chenoweth/kristin-chenoweth5712.png
5,./aligned-images/kristin-chenoweth/kristin-chenoweth5562.png
5,./aligned-images/kristin-chenoweth/kristin-chenoweth5537.png
5,./aligned-images/kristin-chenoweth/kristin-chenoweth5543.png
5,./aligned-images/kristin-chenoweth/kristin-chenoweth5622.png
5,./aligned-images/kristin-chenoweth/kristin-chenoweth5405.png
5,./aligned-images/kristin-chenoweth/kristin-chenoweth5628.png
5,./aligned-images/kristin-chenoweth/kristin-chenoweth5478.png
5,./aligned-images/kristin-chenoweth/kristin-chenoweth5486.png
5,./aligned-images/kristin-chenoweth/kristin-chenoweth5542.png
5,./aligned-images/kristin-chenoweth/kristin-chenoweth5407.png
5,./aligned-images/kristin-chenoweth/kristin-chenoweth5629.png
5,./aligned-images/kristin-chenoweth/kristin-chenoweth5523.png
5,./aligned-images/kristin-chenoweth/kristin-chenoweth5553.png
5,./aligned-images/kristin-chenoweth/kristin-chenoweth5572.png
5,./aligned-images/kristin-chenoweth/kristin-chenoweth5578.png
5,./aligned-images/kristin-chenoweth/kristin-chenoweth5503.png
5,./aligned-images/kristin-chenoweth/kristin-chenoweth5443.png
5,./aligned-images/kristin-chenoweth/kristin-chenoweth5440.png
5,./aligned-images/kristin-chenoweth/kristin-chenoweth5400.png
5,./aligned-images/kristin-chenoweth/kristin-chenoweth5493.png
5,./aligned-images/kristin-chenoweth/kristin-chenoweth5498.png
5,./aligned-images/kristin-chenoweth/kristin-chenoweth5687.png
5,./aligned-images/kristin-chenoweth/kristin-chenoweth5500.png
5,./aligned-images/kristin-chenoweth/kristin-chenoweth5576.png
5,./aligned-images/kristin-chenoweth/kristin-chenoweth5648.png
5,./aligned-images/kristin-chenoweth/kristin-chenoweth5591.png
5,./aligned-images/kristin-chenoweth/kristin-chenoweth5695.png
5,./aligned-images/kristin-chenoweth/kristin-chenoweth5535.png
5,./aligned-images/kristin-chenoweth/kristin-chenoweth5429.png
5,./aligned-images/kristin-chenoweth/kristin-chenoweth5431.png
5,./aligned-images/kristin-chenoweth/kristin-chenoweth5675.png
5,./aligned-images/kristin-chenoweth/kristin-chenoweth5559.png
5,./aligned-images/kristin-chenoweth/kristin-chenoweth5582.png
5,./aligned-images/kristin-chenoweth/kristin-chenoweth5403.png
5,./aligned-images/kristin-chenoweth/kristin-chenoweth5665.png
5,./aligned-images/kristin-chenoweth/kristin-chenoweth5549.png
5,./aligned-images/kristin-chenoweth/kristin-chenoweth5655.png
5,./aligned-images/kristin-chenoweth/kristin-chenoweth5691.png
5,./aligned-images/kristin-chenoweth/kristin-chenoweth5416.png
5,./aligned-images/kristin-chenoweth/kristin-chenoweth5465.png
5,./aligned-images/kristin-chenoweth/kristin-chenoweth5581.png
5,./aligned-images/kristin-chenoweth/kristin-chenoweth5541.png
5,./aligned-images/kristin-chenoweth/kristin-chenoweth5414.png
5,./aligned-images/kristin-chenoweth/kristin-chenoweth5480.png
5,./aligned-images/kristin-chenoweth/kristin-chenoweth5614.png
6,./aligned-images/george-lopez/george-lopez919.png
6,./aligned-images/george-lopez/george-lopez986.png
6,./aligned-images/george-lopez/george-lopez935.png
6,./aligned-images/george-lopez/george-lopez917.png
6,./aligned-images/george-lopez/george-lopez999.png
6,./aligned-images/george-lopez/george-lopez964.png
6,./aligned-images/george-lopez/george-lopez1018.png
6,./aligned-images/george-lopez/george-lopez913.png
6,./aligned-images/george-lopez/george-lopez985.png
6,./aligned-images/george-lopez/george-lopez1045.png
6,./aligned-images/george-lopez/george-lopez859.png
6,./aligned-images/george-lopez/george-lopez940.png
6,./aligned-images/george-lopez/george-lopez918.png
6,./aligned-images/george-lopez/george-lopez946.png
6,./aligned-images/george-lopez/george-lopez954.png
6,./aligned-images/george-lopez/george-lopez956.png
6,./aligned-images/george-lopez/george-lopez942.png
6,./aligned-images/george-lopez/george-lopez1005.png
6,./aligned-images/george-lopez/george-lopez947.png
6,./aligned-images/george-lopez/george-lopez1017.png
6,./aligned-images/george-lopez/george-lopez955.png
6,./aligned-images/george-lopez/george-lopez860.png
6,./aligned-images/george-lopez/george-lopez981.png
6,./aligned-images/george-lopez/george-lopez907.png
6,./aligned-images/george-lopez/george-lopez867.png
6,./aligned-images/george-lopez/george-lopez856.png
6,./aligned-images/george-lopez/george-lopez987.png
6,./aligned-images/george-lopez/george-lopez1066.png
6,./aligned-images/george-lopez/george-lopez876.png
6,./aligned-images/george-lopez/george-lopez1030.png
6,./aligned-images/george-lopez/george-lopez1032.png
6,./aligned-images/george-lopez/george-lopez1012.png
6,./aligned-images/george-lopez/george-lopez1016.png
6,./aligned-images/george-lopez/george-lopez883.png
6,./aligned-images/george-lopez/george-lopez873.png
6,./aligned-images/george-lopez/george-lopez875.png
6,./aligned-images/george-lopez/george-lopez992.png
6,./aligned-images/george-lopez/george-lopez960.png
6,./aligned-images/george-lopez/george-lopez1033.png
6,./aligned-images/george-lopez/george-lopez993.png
6,./aligned-images/george-lopez/george-lopez1037.png
6,./aligned-images/george-lopez/george-lopez1036.png
6,./aligned-images/george-lopez/george-lopez1065.png
6,./aligned-images/george-lopez/george-lopez1082.png
6,./aligned-images/george-lopez/george-lopez849.png
6,./aligned-images/george-lopez/george-lopez1020.png
6,./aligned-images/george-lopez/george-lopez937.png
6,./aligned-images/george-lopez/george-lopez1057.png
6,./aligned-images/george-lopez/george-lopez878.png
6,./aligned-images/george-lopez/george-lopez1050.png
6,./aligned-images/george-lopez/george-lopez879.png
6,./aligned-images/george-lopez/george-lopez1025.png
6,./aligned-images/george-lopez/george-lopez973.png
6,./aligned-images/george-lopez/george-lopez953.png
6,./aligned-images/george-lopez/george-lopez945.png
6,./aligned-images/george-lopez/george-lopez896.png
6,./aligned-images/george-lopez/george-lopez851.png
6,./aligned-images/george-lopez/george-lopez1051.png
6,./aligned-images/george-lopez/george-lopez1068.png
6,./aligned-images/george-lopez/george-lopez926.png
6,./aligned-images/george-lopez/george-lopez925.png
6,./aligned-images/george-lopez/george-lopez1021.png
6,./aligned-images/george-lopez/george-lopez862.png
6,./aligned-images/george-lopez/george-lopez852.png
6,./aligned-images/george-lopez/george-lopez858.png
6,./aligned-images/george-lopez/george-lopez901.png
6,./aligned-images/george-lopez/george-lopez979.png
6,./aligned-images/george-lopez/george-lopez1042.png
6,./aligned-images/george-lopez/george-lopez874.png
6,./aligned-images/george-lopez/george-lopez1024.png
6,./aligned-images/george-lopez/george-lopez848.png
6,./aligned-images/george-lopez/george-lopez1058.png
6,./aligned-images/george-lopez/george-lopez1003.png
6,./aligned-images/george-lopez/george-lopez887.png
6,./aligned-images/george-lopez/george-lopez865.png
6,./aligned-images/george-lopez/george-lopez1007.png
6,./aligned-images/george-lopez/george-lopez903.png
6,./aligned-images/george-lopez/george-lopez1073.png
6,./aligned-images/george-lopez/george-lopez982.png
6,./aligned-images/george-lopez/george-lopez966.png
6,./aligned-images/george-lopez/george-lopez897.png
6,./aligned-images/george-lopez/george-lopez1011.png
6,./aligned-images/george-lopez/george-lopez911.png
6,./aligned-images/george-lopez/george-lopez936.png
6,./aligned-images/george-lopez/george-lopez1072.png
6,./aligned-images/george-lopez/george-lopez1041.png
6,./aligned-images/george-lopez/george-lopez1006.png
6,./aligned-images/george-lopez/george-lopez868.png
6,./aligned-images/george-lopez/george-lopez980.png
6,./aligned-images/george-lopez/george-lopez900.png
6,./aligned-images/george-lopez/george-lopez1059.png
6,./aligned-images/george-lopez/george-lopez1002.png
6,./aligned-images/george-lopez/george-lopez891.png
6,./aligned-images/george-lopez/george-lopez892.png
6,./aligned-images/george-lopez/george-lopez968.png
6,./aligned-images/george-lopez/george-lopez1038.png
6,./aligned-images/george-lopez/george-lopez857.png
6,./aligned-images/george-lopez/george-lopez916.png
6,./aligned-images/george-lopez/george-lopez863.png
6,./aligned-images/george-lopez/george-lopez909.png
6,./aligned-images/george-lopez/george-lopez882.png
6,./aligned-images/george-lopez/george-lopez912.png
6,./aligned-images/george-lopez/george-lopez884.png
6,./aligned-images/george-lopez/george-lopez1039.png
6,./aligned-images/george-lopez/george-lopez1061.png
6,./aligned-images/george-lopez/george-lopez886.png
6,./aligned-images/george-lopez/george-lopez902.png
6,./aligned-images/george-lopez/george-lopez971.png
6,./aligned-images/george-lopez/george-lopez933.png
6,./aligned-images/george-lopez/george-lopez970.png
6,./aligned-images/george-lopez/george-lopez952.png
6,./aligned-images/george-lopez/george-lopez915.png
6,./aligned-images/george-lopez/george-lopez1049.png
6,./aligned-images/george-lopez/george-lopez963.png
6,./aligned-images/george-lopez/george-lopez1071.png
6,./aligned-images/george-lopez/george-lopez885.png
6,./aligned-images/george-lopez/george-lopez1035.png
6,./aligned-images/george-lopez/george-lopez951.png
6,./aligned-images/george-lopez/george-lopez1077.png
6,./aligned-images/george-lopez/george-lopez991.png
6,./aligned-images/george-lopez/george-lopez1074.png
6,./aligned-images/george-lopez/george-lopez894.png
6,./aligned-images/george-lopez/george-lopez861.png
6,./aligned-images/george-lopez/george-lopez1064.png
6,./aligned-images/george-lopez/george-lopez1078.png
6,./aligned-images/george-lopez/george-lopez1010.png
6,./aligned-images/george-lopez/george-lopez1004.png
6,./aligned-images/george-lopez/george-lopez996.png
6,./aligned-images/george-lopez/george-lopez959.png
6,./aligned-images/george-lopez/george-lopez1023.png
6,./aligned-images/george-lopez/george-lopez1081.png
6,./aligned-images/george-lopez/george-lopez934.png
6,./aligned-images/george-lopez/george-lopez904.png
6,./aligned-images/george-lopez/george-lopez939.png
6,./aligned-images/george-lopez/george-lopez1019.png
6,./aligned-images/george-lopez/george-lopez930.png
7,./aligned-images/natalie-portman/natalie-portman293.png
7,./aligned-images/natalie-portman/natalie-portman89.png
7,./aligned-images/natalie-portman/natalie-portman106.png
7,./aligned-images/natalie-portman/natalie-portman202.png
7,./aligned-images/natalie-portman/natalie-portman175.png
7,./aligned-images/natalie-portman/natalie-portman274.png
7,./aligned-images/natalie-portman/natalie-portman165.png
7,./aligned-images/natalie-portman/natalie-portman193.png
7,./aligned-images/natalie-portman/natalie-portman30.png
7,./aligned-images/natalie-portman/natalie-portman47.png
7,./aligned-images/natalie-portman/natalie-portman137.png
7,./aligned-images/natalie-portman/natalie-portman204.png
7,./aligned-images/natalie-portman/natalie-portman130.png
7,./aligned-images/natalie-portman/natalie-portman287.png
7,./aligned-images/natalie-portman/natalie-portman114.png
7,./aligned-images/natalie-portman/natalie-portman305.png
7,./aligned-images/natalie-portman/natalie-portman19.png
7,./aligned-images/natalie-portman/natalie-portman7.png
7,./aligned-images/natalie-portman/natalie-portman252.png
7,./aligned-images/natalie-portman/natalie-portman107.png
7,./aligned-images/natalie-portman/natalie-portman239.png
7,./aligned-images/natalie-portman/natalie-portman172.png
7,./aligned-images/natalie-portman/natalie-portman297.png
7,./aligned-images/natalie-portman/natalie-portman67.png
7,./aligned-images/natalie-portman/natalie-portman370.png
7,./aligned-images/natalie-portman/natalie-portman11.png
7,./aligned-images/natalie-portman/natalie-portman235.png
7,./aligned-images/natalie-portman/natalie-portman102.png
7,./aligned-images/natalie-portman/natalie-portman55.png
7,./aligned-images/natalie-portman/natalie-portman251.png
7,./aligned-images/natalie-portman/natalie-portman366.png
7,./aligned-images/natalie-portman/natalie-portman361.png
7,./aligned-images/natalie-portman/natalie-portman302.png
7,./aligned-images/natalie-portman/natalie-portman28.png
7,./aligned-images/natalie-portman/natalie-portman20.png
7,./aligned-images/natalie-portman/natalie-portman263.png
7,./aligned-images/natalie-portman/natalie-portman275.png
7,./aligned-images/natalie-portman/natalie-portman298.png
7,./aligned-images/natalie-portman/natalie-portman124.png
7,./aligned-images/natalie-portman/natalie-portman208.png
7,./aligned-images/natalie-portman/natalie-portman154.png
7,./aligned-images/natalie-portman/natalie-portman311.png
7,./aligned-images/natalie-portman/natalie-portman284.png
7,./aligned-images/natalie-portman/natalie-portman196.png
7,./aligned-images/natalie-portman/natalie-portman142.png
7,./aligned-images/natalie-portman/natalie-portman277.png
7,./aligned-images/natalie-portman/natalie-portman56.png
7,./aligned-images/natalie-portman/natalie-portman158.png
7,./aligned-images/natalie-portman/natalie-portman316.png
7,./aligned-images/natalie-portman/natalie-portman119.png
7,./aligned-images/natalie-portman/natalie-portman218.png
7,./aligned-images/natalie-portman/natalie-portman266.png
7,./aligned-images/natalie-portman/natalie-portman80.png
7,./aligned-images/natalie-portman/natalie-portman85.png
7,./aligned-images/natalie-portman/natalie-portman17.png
7,./aligned-images/natalie-portman/natalie-portman105.png
7,./aligned-images/natalie-portman/natalie-portman73.png
7,./aligned-images/natalie-portman/natalie-portman246.png
7,./aligned-images/natalie-portman/natalie-portman51.png
7,./aligned-images/natalie-portman/natalie-portman344.png
7,./aligned-images/natalie-portman/natalie-portman270.png
7,./aligned-images/natalie-portman/natalie-portman41.png
7,./aligned-images/natalie-portman/natalie-portman322.png
7,./aligned-images/natalie-portman/natalie-portman177.png
7,./aligned-images/natalie-portman/natalie-portman83.png
7,./aligned-images/natalie-portman/natalie-portman211.png
7,./aligned-images/natalie-portman/natalie-portman9.png
7,./aligned-images/natalie-portman/natalie-portman221.png
7,./aligned-images/natalie-portman/natalie-portman74.png
7,./aligned-images/natalie-portman/natalie-portman346.png
7,./aligned-images/natalie-portman/natalie-portman64.png
7,./aligned-images/natalie-portman/natalie-portman151.png
7,./aligned-images/natalie-portman/natalie-portman170.png
7,./aligned-images/natalie-portman/natalie-portman351.png
7,./aligned-images/natalie-portman/natalie-portman182.png
7,./aligned-images/natalie-portman/natalie-portman189.png
7,./aligned-images/natalie-portman/natalie-portman1.png
7,./aligned-images/natalie-portman/natalie-portman100.png
7,./aligned-images/natalie-portman/natalie-portman71.png
7,./aligned-images/natalie-portman/natalie-portman117.png
7,./aligned-images/natalie-portman/natalie-portman149.png
7,./aligned-images/natalie-portman/natalie-portman126.png
7,./aligned-images/natalie-portman/natalie-portman398.png
7,./aligned-images/natalie-portman/natalie-portman290.png
7,./aligned-images/natalie-portman/natalie-portman185.png
7,./aligned-images/natalie-portman/natalie-portman169.png
7,./aligned-images/natalie-portman/natalie-portman338.png
7,./aligned-images/natalie-portman/natalie-portman357.png
7,./aligned-images/natalie-portman/natalie-portman78.png
7,./aligned-images/natalie-portman/natalie-portman342.png
7,./aligned-images/natalie-portman/natalie-portman240.png
7,./aligned-images/natalie-portman/natalie-portman95.png
7,./aligned-images/natalie-portman/natalie-portman140.png
7,./aligned-images/natalie-portman/natalie-portman272.png
7,./aligned-images/natalie-portman/natalie-portman160.png
7,./aligned-images/natalie-portman/natalie-portman15.png
7,./aligned-images/natalie-portman/natalie-portman54.png
7,./aligned-images/natalie-portman/natalie-portman259.png
7,./aligned-images/natalie-portman/natalie-portman128.png
7,./aligned-images/natalie-portman/natalie-portman237.png
7,./aligned-images/natalie-portman/natalie-portman249.png
7,./aligned-images/natalie-portman/natalie-portman94.png
7,./aligned-images/natalie-portman/natalie-portman243.png
7,./aligned-images/natalie-portman/natalie-portman329.png
7,./aligned-images/natalie-portman/natalie-portman336.png
7,./aligned-images/natalie-portman/natalie-portman271.png
7,./aligned-images/natalie-portman/natalie-portman57.png
7,./aligned-images/natalie-portman/natalie-portman307.png
7,./aligned-images/natalie-portman/natalie-portman232.png
7,./aligned-images/natalie-portman/natalie-portman280.png
7,./aligned-images/natalie-portman/natalie-portman66.png
7,./aligned-images/natalie-portman/natalie-portman24.png
7,./aligned-images/natalie-portman/natalie-portman358.png
7,./aligned-images/natalie-portman/natalie-portman210.png
7,./aligned-images/natalie-portman/natalie-portman81.png
7,./aligned-images/natalie-portman/natalie-portman12.png
7,./aligned-images/natalie-portman/natalie-portman397.png
7,./aligned-images/natalie-portman/natalie-portman8.png
7,./aligned-images/natalie-portman/natalie-portman328.png
7,./aligned-images/natalie-portman/natalie-portman65.png
7,./aligned-images/natalie-portman/natalie-portman109.png
7,./aligned-images/natalie-portman/natalie-portman79.png
7,./aligned-images/natalie-portman/natalie-portman164.png
7,./aligned-images/natalie-portman/natalie-portman122.png
7,./aligned-images/natalie-portman/natalie-portman383.png
7,./aligned-images/natalie-portman/natalie-portman92.png
7,./aligned-images/natalie-portman/natalie-portman120.png
7,./aligned-images/natalie-portman/natalie-portman303.png
7,./aligned-images/natalie-portman/natalie-portman310.png
7,./aligned-images/natalie-portman/natalie-portman332.png
7,./aligned-images/natalie-portman/natalie-portman86.png
7,./aligned-images/natalie-portman/natalie-portman340.png
7,./aligned-images/natalie-portman/natalie-portman159.png
7,./aligned-images/natalie-portman/natalie-portman42.png
7,./aligned-images/natalie-portman/natalie-portman135.png
7,./aligned-images/natalie-portman/natalie-portman276.png
7,./aligned-images/natalie-portman/natalie-portman399.png
7,./aligned-images/natalie-portman/natalie-portman39.png
7,./aligned-images/natalie-portman/natalie-portman43.png
7,./aligned-images/natalie-portman/natalie-portman36.png
7,./aligned-images/natalie-portman/natalie-portman14.png
7,./aligned-images/natalie-portman/natalie-portman255.png
7,./aligned-images/natalie-portman/natalie-portman195.png
7,./aligned-images/natalie-portman/natalie-portman29.png
7,./aligned-images/natalie-portman/natalie-portman136.png
7,./aligned-images/natalie-portman/natalie-portman58.png
7,./aligned-images/natalie-portman/natalie-portman304.png
7,./aligned-images/natalie-portman/natalie-portman227.png
7,./aligned-images/natalie-portman/natalie-portman216.png
7,./aligned-images/natalie-portman/natalie-portman392.png
7,./aligned-images/natalie-portman/natalie-portman132.png
7,./aligned-images/natalie-portman/natalie-portman389.png
7,./aligned-images/natalie-portman/natalie-portman381.png
7,./aligned-images/natalie-portman/natalie-portman212.png
7,./aligned-images/natalie-portman/natalie-portman309.png
7,./aligned-images/natalie-portman/natalie-portman35.png
7,./aligned-images/natalie-portman/natalie-portman10.png
7,./aligned-images/natalie-portman/natalie-portman320.png
7,./aligned-images/natalie-portman/natalie-portman238.png
7,./aligned-images/natalie-portman/natalie-portman213.png
7,./aligned-images/natalie-portman/natalie-portman91.png
7,./aligned-images/natalie-portman/natalie-portman162.png
7,./aligned-images/natalie-portman/natalie-portman321.png
7,./aligned-images/natalie-portman/natalie-portman387.png
7,./aligned-images/natalie-portman/natalie-portman167.png
7,./aligned-images/natalie-portman/natalie-portman245.png
7,./aligned-images/natalie-portman/natalie-portman378.png
7,./aligned-images/natalie-portman/natalie-portman187.png
7,./aligned-images/natalie-portman/natalie-portman21.png
7,./aligned-images/natalie-portman/natalie-portman87.png
7,./aligned-images/natalie-portman/natalie-portman295.png
7,./aligned-images/natalie-portman/natalie-portman186.png
7,./aligned-images/natalie-portman/natalie-portman364.png
7,./aligned-images/natalie-portman/natalie-portman258.png
7,./aligned-images/natalie-portman/natalie-portman118.png
7,./aligned-images/natalie-portman/natalie-portman32.png
7,./aligned-images/natalie-portman/natalie-portman292.png
7,./aligned-images/natalie-portman/natalie-portman33.png
7,./aligned-images/natalie-portman/natalie-portman393.png
7,./aligned-images/natalie-portman/natalie-portman173.png
7,./aligned-images/natalie-portman/natalie-portman180.png
7,./aligned-images/natalie-portman/natalie-portman317.png
7,./aligned-images/natalie-portman/natalie-portman178.png
7,./aligned-images/natalie-portman/natalie-portman260.png
7,./aligned-images/natalie-portman/natalie-portman131.png
7,./aligned-images/natalie-portman/natalie-portman145.png
7,./aligned-images/natalie-portman/natalie-portman200.png
7,./aligned-images/natalie-portman/natalie-portman385.png
7,./aligned-images/natalie-portman/natalie-portman248.png
7,./aligned-images/natalie-portman/natalie-portman331.png
7,./aligned-images/natalie-portman/natalie-portman77.png
7,./aligned-images/natalie-portman/natalie-portman110.png
7,./aligned-images/natalie-portman/natalie-portman4.png
7,./aligned-images/natalie-portman/natalie-portman315.png
7,./aligned-images/natalie-portman/natalie-portman157.png
7,./aligned-images/natalie-portman/natalie-portman201.png
7,./aligned-images/natalie-portman/natalie-portman206.png
7,./aligned-images/natalie-portman/natalie-portman224.png
7,./aligned-images/natalie-portman/natalie-portman289.png
7,./aligned-images/natalie-portman/natalie-portman347.png
7,./aligned-images/natalie-portman/natalie-portman234.png
7,./aligned-images/natalie-portman/natalie-portman121.png
7,./aligned-images/natalie-portman/natalie-portman352.png
7,./aligned-images/natalie-portman/natalie-portman44.png
7,./aligned-images/natalie-portman/natalie-portman113.png
7,./aligned-images/natalie-portman/natalie-portman312.png
7,./aligned-images/natalie-portman/natalie-portman314.png
7,./aligned-images/natalie-portman/natalie-portman268.png
7,./aligned-images/natalie-portman/natalie-portman396.png
7,./aligned-images/natalie-portman/natalie-portman45.png
7,./aligned-images/natalie-portman/natalie-portman229.png
7,./aligned-images/natalie-portman/natalie-portman6.png
7,./aligned-images/natalie-portman/natalie-portman127.png
7,./aligned-images/natalie-portman/natalie-portman150.png
7,./aligned-images/natalie-portman/natalie-portman375.png
7,./aligned-images/natalie-portman/natalie-portman265.png
7,./aligned-images/natalie-portman/natalie-portman16.png
7,./aligned-images/natalie-portman/natalie-portman146.png
7,./aligned-images/natalie-portman/natalie-portman34.png
7,./aligned-images/natalie-portman/natalie-portman281.png
7,./aligned-images/natalie-portman/natalie-portman49.png
7,./aligned-images/natalie-portman/natalie-portman228.png
7,./aligned-images/natalie-portman/natalie-portman306.png
7,./aligned-images/natalie-portman/natalie-portman93.png
7,./aligned-images/natalie-portman/natalie-portman191.png
7,./aligned-images/natalie-portman/natalie-portman220.png
7,./aligned-images/natalie-portman/natalie-portman90.png
7,./aligned-images/natalie-portman/natalie-portman205.png
7,./aligned-images/natalie-portman/natalie-portman365.png
7,./aligned-images/natalie-portman/natalie-portman108.png
7,./aligned-images/natalie-portman/natalie-portman203.png
7,./aligned-images/natalie-portman/natalie-portman231.png
7,./aligned-images/natalie-portman/natalie-portman207.png
7,./aligned-images/natalie-portman/natalie-portman3.png
7,./aligned-images/natalie-portman/natalie-portman152.png
7,./aligned-images/natalie-portman/natalie-portman183.png
7,./aligned-images/natalie-portman/natalie-portman138.png
7,./aligned-images/natalie-portman/natalie-portman144.png
7,./aligned-images/natalie-portman/natalie-portman13.png
7,./aligned-images/natalie-portman/natalie-portman181.png
7,./aligned-images/natalie-portman/natalie-portman339.png
7,./aligned-images/natalie-portman/natalie-portman376.png
7,./aligned-images/natalie-portman/natalie-portman299.png
7,./aligned-images/natalie-portman/natalie-portman97.png
7,./aligned-images/natalie-portman/natalie-portman250.png
7,./aligned-images/natalie-portman/natalie-portman46.png
7,./aligned-images/natalie-portman/natalie-portman286.png
7,./aligned-images/natalie-portman/natalie-portman343.png
7,./aligned-images/natalie-portman/natalie-portman141.png
7,./aligned-images/natalie-portman/natalie-portman369.png
7,./aligned-images/natalie-portman/natalie-portman323.png
7,./aligned-images/natalie-portman/natalie-portman148.png
7,./aligned-images/natalie-portman/natalie-portman319.png
7,./aligned-images/natalie-portman/natalie-portman133.png
7,./aligned-images/natalie-portman/natalie-portman76.png
7,./aligned-images/natalie-portman/natalie-portman198.png
7,./aligned-images/natalie-portman/natalie-portman334.png
7,./aligned-images/natalie-portman/natalie-portman27.png
7,./aligned-images/natalie-portman/natalie-portman50.png
7,./aligned-images/natalie-portman/natalie-portman318.png
7,./aligned-images/natalie-portman/natalie-portman372.png
7,./aligned-images/natalie-portman/natalie-portman386.png
7,./aligned-images/natalie-portman/natalie-portman337.png
7,./aligned-images/natalie-portman/natalie-portman254.png
7,./aligned-images/natalie-portman/natalie-portman242.png
7,./aligned-images/natalie-portman/natalie-portman179.png
7,./aligned-images/natalie-portman/natalie-portman226.png
7,./aligned-images/natalie-portman/natalie-portman356.png
7,./aligned-images/natalie-portman/natalie-portman285.png
7,./aligned-images/natalie-portman/natalie-portman244.png
7,./aligned-images/natalie-portman/natalie-portman155.png
7,./aligned-images/natalie-portman/natalie-portman168.png
7,./aligned-images/natalie-portman/natalie-portman264.png
7,./aligned-images/natalie-portman/natalie-portman103.png
7,./aligned-images/natalie-portman/natalie-portman84.png
7,./aligned-images/natalie-portman/natalie-portman5.png
7,./aligned-images/natalie-portman/natalie-portman163.png
7,./aligned-images/natalie-portman/natalie-portman139.png
7,./aligned-images/natalie-portman/natalie-portman112.png
7,./aligned-images/natalie-portman/natalie-portman53.png
7,./aligned-images/natalie-portman/natalie-portman62.png
7,./aligned-images/natalie-portman/natalie-portman341.png
7,./aligned-images/natalie-portman/natalie-portman194.png
7,./aligned-images/natalie-portman/natalie-portman333.png
7,./aligned-images/natalie-portman/natalie-portman101.png
7,./aligned-images/natalie-portman/natalie-portman390.png
7,./aligned-images/natalie-portman/natalie-portman199.png
7,./aligned-images/natalie-portman/natalie-portman301.png
7,./aligned-images/natalie-portman/natalie-portman382.png
7,./aligned-images/natalie-portman/natalie-portman68.png
7,./aligned-images/natalie-portman/natalie-portman40.png
7,./aligned-images/natalie-portman/natalie-portman115.png
7,./aligned-images/natalie-portman/natalie-portman116.png
7,./aligned-images/natalie-portman/natalie-portman257.png
7,./aligned-images/natalie-portman/natalie-portman98.png
7,./aligned-images/natalie-portman/natalie-portman324.png
7,./aligned-images/natalie-portman/natalie-portman192.png
7,./aligned-images/natalie-portman/natalie-portman279.png
7,./aligned-images/natalie-portman/natalie-portman70.png
7,./aligned-images/natalie-portman/natalie-portman171.png
7,./aligned-images/natalie-portman/natalie-portman256.png
7,./aligned-images/natalie-portman/natalie-portman294.png
7,./aligned-images/natalie-portman/natalie-portman217.png
7,./aligned-images/natalie-portman/natalie-portman233.png
7,./aligned-images/natalie-portman/natalie-portman377.png
7,./aligned-images/natalie-portman/natalie-portman166.png
8,./aligned-images/ken-watanabe/ken-watanabe5406.png
8,./aligned-images/ken-watanabe/ken-watanabe5444.png
8,./aligned-images/ken-watanabe/ken-watanabe5388.png
8,./aligned-images/ken-watanabe/ken-watanabe5511.png
8,./aligned-images/ken-watanabe/ken-watanabe5450.png
8,./aligned-images/ken-watanabe/ken-watanabe5498.png
8,./aligned-images/ken-watanabe/ken-watanabe5396.png
8,./aligned-images/ken-watanabe/ken-watanabe5478.png
8,./aligned-images/ken-watanabe/ken-watanabe5410.png
8,./aligned-images/ken-watanabe/ken-watanabe5457.png
8,./aligned-images/ken-watanabe/ken-watanabe5432.png
8,./aligned-images/ken-watanabe/ken-watanabe5517.png
8,./aligned-images/ken-watanabe/ken-watanabe5394.png
8,./aligned-images/ken-watanabe/ken-watanabe5523.png
8,./aligned-images/ken-watanabe/ken-watanabe5429.png
8,./aligned-images/ken-watanabe/ken-watanabe5420.png
8,./aligned-images/ken-watanabe/ken-watanabe5499.png
8,./aligned-images/ken-watanabe/ken-watanabe5393.png
8,./aligned-images/ken-watanabe/ken-watanabe5504.png
8,./aligned-images/ken-watanabe/ken-watanabe5431.png
8,./aligned-images/ken-watanabe/ken-watanabe5482.png
8,./aligned-images/ken-watanabe/ken-watanabe5529.png
8,./aligned-images/ken-watanabe/ken-watanabe5407.png
8,./aligned-images/ken-watanabe/ken-watanabe5456.png
8,./aligned-images/ken-watanabe/ken-watanabe5532.png
8,./aligned-images/ken-watanabe/ken-watanabe5418.png
8,./aligned-images/ken-watanabe/ken-watanabe5384.png
8,./aligned-images/ken-watanabe/ken-watanabe5428.png
8,./aligned-images/ken-watanabe/ken-watanabe5411.png
8,./aligned-images/ken-watanabe/ken-watanabe5395.png
8,./aligned-images/ken-watanabe/ken-watanabe5430.png
8,./aligned-images/ken-watanabe/ken-watanabe5512.png
8,./aligned-images/ken-watanabe/ken-watanabe5370.png
8,./aligned-images/ken-watanabe/ken-watanabe5379.png
8,./aligned-images/ken-watanabe/ken-watanabe5505.png
8,./aligned-images/ken-watanabe/ken-watanabe5472.png
8,./aligned-images/ken-watanabe/ken-watanabe5508.png
8,./aligned-images/ken-watanabe/ken-watanabe5463.png
8,./aligned-images/ken-watanabe/ken-watanabe5466.png
8,./aligned-images/ken-watanabe/ken-watanabe5416.png
8,./aligned-images/ken-watanabe/ken-watanabe5413.png
8,./aligned-images/ken-watanabe/ken-watanabe5470.png
8,./aligned-images/ken-watanabe/ken-watanabe5433.png
8,./aligned-images/ken-watanabe/ken-watanabe5526.png
8,./aligned-images/ken-watanabe/ken-watanabe5386.png
8,./aligned-images/ken-watanabe/ken-watanabe5453.png
8,./aligned-images/ken-watanabe/ken-watanabe5454.png
8,./aligned-images/ken-watanabe/ken-watanabe5443.png
8,./aligned-images/ken-watanabe/ken-watanabe5497.png
8,./aligned-images/ken-watanabe/ken-watanabe5493.png
8,./aligned-images/ken-watanabe/ken-watanabe5515.png
8,./aligned-images/ken-watanabe/ken-watanabe5374.png
8,./aligned-images/ken-watanabe/ken-watanabe5503.png
8,./aligned-images/ken-watanabe/ken-watanabe5398.png
8,./aligned-images/ken-watanabe/ken-watanabe5426.png
8,./aligned-images/ken-watanabe/ken-watanabe5387.png
8,./aligned-images/ken-watanabe/ken-watanabe5392.png
8,./aligned-images/ken-watanabe/ken-watanabe5458.png
8,./aligned-images/ken-watanabe/ken-watanabe5474.png
8,./aligned-images/ken-watanabe/ken-watanabe5471.png
8,./aligned-images/ken-watanabe/ken-watanabe5400.png
8,./aligned-images/ken-watanabe/ken-watanabe5510.png
8,./aligned-images/ken-watanabe/ken-watanabe5509.png
8,./aligned-images/ken-watanabe/ken-watanabe5423.png
8,./aligned-images/ken-watanabe/ken-watanabe5373.png
8,./aligned-images/ken-watanabe/ken-watanabe5381.png
8,./aligned-images/ken-watanabe/ken-watanabe5447.png
8,./aligned-images/ken-watanabe/ken-watanabe5524.png
8,./aligned-images/ken-watanabe/ken-watanabe5449.png
8,./aligned-images/ken-watanabe/ken-watanabe5507.png
8,./aligned-images/ken-watanabe/ken-watanabe5488.png
8,./aligned-images/ken-watanabe/ken-watanabe5490.png
8,./aligned-images/ken-watanabe/ken-watanabe5465.png
8,./aligned-images/ken-watanabe/ken-watanabe5514.png
8,./aligned-images/ken-watanabe/ken-watanabe5427.png
8,./aligned-images/ken-watanabe/ken-watanabe5405.png
8,./aligned-images/ken-watanabe/ken-watanabe5521.png
8,./aligned-images/ken-watanabe/ken-watanabe5438.png
8,./aligned-images/ken-watanabe/ken-watanabe5460.png
8,./aligned-images/ken-watanabe/ken-watanabe5484.png
8,./aligned-images/ken-watanabe/ken-watanabe5481.png
8,./aligned-images/ken-watanabe/ken-watanabe5534.png
8,./aligned-images/ken-watanabe/ken-watanabe5399.png
8,./aligned-images/ken-watanabe/ken-watanabe5445.png
8,./aligned-images/ken-watanabe/ken-watanabe5513.png
8,./aligned-images/ken-watanabe/ken-watanabe5489.png
8,./aligned-images/ken-watanabe/ken-watanabe5376.png
8,./aligned-images/ken-watanabe/ken-watanabe5462.png
8,./aligned-images/ken-watanabe/ken-watanabe5434.png
8,./aligned-images/ken-watanabe/ken-watanabe5440.png
8,./aligned-images/ken-watanabe/ken-watanabe5421.png
8,./aligned-images/ken-watanabe/ken-watanabe5422.png
8,./aligned-images/ken-watanabe/ken-watanabe5483.png
8,./aligned-images/ken-watanabe/ken-watanabe5402.png
8,./aligned-images/ken-watanabe/ken-watanabe5378.png
8,./aligned-images/ken-watanabe/ken-watanabe5485.png
8,./aligned-images/ken-watanabe/ken-watanabe5436.png
8,./aligned-images/ken-watanabe/ken-watanabe5468.png
8,./aligned-images/ken-watanabe/ken-watanabe5403.png
8,./aligned-images/ken-watanabe/ken-watanabe5417.png
8,./aligned-images/ken-watanabe/ken-watanabe5492.png
9,./aligned-images/keira-knightley/keira-knightley781.png
9,./aligned-images/keira-knightley/keira-knightley435.png
9,./aligned-images/keira-knightley/keira-knightley473.png
9,./aligned-images/keira-knightley/keira-knightley436.png
9,./aligned-images/keira-knightley/keira-knightley684.png
9,./aligned-images/keira-knightley/keira-knightley698.png
9,./aligned-images/keira-knightley/keira-knightley586.png
9,./aligned-images/keira-knightley/keira-knightley409.png
9,./aligned-images/keira-knightley/keira-knightley574.png
9,./aligned-images/keira-knightley/keira-knightley793.png
9,./aligned-images/keira-knightley/keira-knightley477.png
9,./aligned-images/keira-knightley/keira-knightley554.png
9,./aligned-images/keira-knightley/keira-knightley545.png
9,./aligned-images/keira-knightley/keira-knightley695.png
9,./aligned-images/keira-knightley/keira-knightley471.png
9,./aligned-images/keira-knightley/keira-knightley457.png
9,./aligned-images/keira-knightley/keira-knightley605.png
9,./aligned-images/keira-knightley/keira-knightley549.png
9,./aligned-images/keira-knightley/keira-knightley761.png
9,./aligned-images/keira-knightley/keira-knightley599.png
9,./aligned-images/keira-knightley/keira-knightley561.png
9,./aligned-images/keira-knightley/keira-knightley769.png
9,./aligned-images/keira-knightley/keira-knightley469.png
9,./aligned-images/keira-knightley/keira-knightley706.png
9,./aligned-images/keira-knightley/keira-knightley628.png
9,./aligned-images/keira-knightley/keira-knightley490.png
9,./aligned-images/keira-knightley/keira-knightley775.png
9,./aligned-images/keira-knightley/keira-knightley694.png
9,./aligned-images/keira-knightley/keira-knightley668.png
9,./aligned-images/keira-knightley/keira-knightley407.png
9,./aligned-images/keira-knightley/keira-knightley641.png
9,./aligned-images/keira-knightley/keira-knightley732.png
9,./aligned-images/keira-knightley/keira-knightley784.png
9,./aligned-images/keira-knightley/keira-knightley486.png
9,./aligned-images/keira-knightley/keira-knightley530.png
9,./aligned-images/keira-knightley/keira-knightley597.png
9,./aligned-images/keira-knightley/keira-knightley517.png
9,./aligned-images/keira-knightley/keira-knightley621.png
9,./aligned-images/keira-knightley/keira-knightley636.png
9,./aligned-images/keira-knightley/keira-knightley742.png
9,./aligned-images/keira-knightley/keira-knightley686.png
9,./aligned-images/keira-knightley/keira-knightley509.png
9,./aligned-images/keira-knightley/keira-knightley494.png
9,./aligned-images/keira-knightley/keira-knightley513.png
9,./aligned-images/keira-knightley/keira-knightley759.png
9,./aligned-images/keira-knightley/keira-knightley443.png
9,./aligned-images/keira-knightley/keira-knightley600.png
9,./aligned-images/keira-knightley/keira-knightley404.png
9,./aligned-images/keira-knightley/keira-knightley507.png
9,./aligned-images/keira-knightley/keira-knightley681.png
9,./aligned-images/keira-knightley/keira-knightley772.png
9,./aligned-images/keira-knightley/keira-knightley645.png
9,./aligned-images/keira-knightley/keira-knightley499.png
9,./aligned-images/keira-knightley/keira-knightley522.png
9,./aligned-images/keira-knightley/keira-knightley611.png
9,./aligned-images/keira-knightley/keira-knightley701.png
9,./aligned-images/keira-knightley/keira-knightley422.png
9,./aligned-images/keira-knightley/keira-knightley426.png
9,./aligned-images/keira-knightley/keira-knightley726.png
9,./aligned-images/keira-knightley/keira-knightley534.png
9,./aligned-images/keira-knightley/keira-knightley524.png
9,./aligned-images/keira-knightley/keira-knightley626.png
9,./aligned-images/keira-knightley/keira-knightley667.png
9,./aligned-images/keira-knightley/keira-knightley428.png
9,./aligned-images/keira-knightley/keira-knightley735.png
9,./aligned-images/keira-knightley/keira-knightley573.png
9,./aligned-images/keira-knightley/keira-knightley567.png
9,./aligned-images/keira-knightley/keira-knightley460.png
9,./aligned-images/keira-knightley/keira-knightley479.png
9,./aligned-images/keira-knightley/keira-knightley434.png
9,./aligned-images/keira-knightley/keira-knightley505.png
9,./aligned-images/keira-knightley/keira-knightley731.png
9,./aligned-images/keira-knightley/keira-knightley718.png
9,./aligned-images/keira-knightley/keira-knightley459.png
9,./aligned-images/keira-knightley/keira-knightley709.png
9,./aligned-images/keira-knightley/keira-knightley744.png
9,./aligned-images/keira-knightley/keira-knightley462.png
9,./aligned-images/keira-knightley/keira-knightley552.png
9,./aligned-images/keira-knightley/keira-knightley487.png
9,./aligned-images/keira-knightley/keira-knightley607.png
9,./aligned-images/keira-knightley/keira-knightley501.png
9,./aligned-images/keira-knightley/keira-knightley659.png
9,./aligned-images/keira-knightley/keira-knightley570.png
9,./aligned-images/keira-knightley/keira-knightley737.png
9,./aligned-images/keira-knightley/keira-knightley548.png
9,./aligned-images/keira-knightley/keira-knightley650.png
9,./aligned-images/keira-knightley/keira-knightley615.png
9,./aligned-images/keira-knightley/keira-knightley528.png
9,./aligned-images/keira-knightley/keira-knightley572.png
9,./aligned-images/keira-knightley/keira-knightley670.png
9,./aligned-images/keira-knightley/keira-knightley656.png
9,./aligned-images/keira-knightley/keira-knightley418.png
9,./aligned-images/keira-knightley/keira-knightley606.png
9,./aligned-images/keira-knightley/keira-knightley677.png
9,./aligned-images/keira-knightley/keira-knightley449.png
9,./aligned-images/keira-knightley/keira-knightley649.png
9,./aligned-images/keira-knightley/keira-knightley485.png
9,./aligned-images/keira-knightley/keira-knightley440.png
9,./aligned-images/keira-knightley/keira-knightley411.png
9,./aligned-images/keira-knightley/keira-knightley400.png
9,./aligned-images/keira-knightley/keira-knightley503.png
9,./aligned-images/keira-knightley/keira-knightley730.png
9,./aligned-images/keira-knightley/keira-knightley419.png
9,./aligned-images/keira-knightley/keira-knightley601.png
9,./aligned-images/keira-knightley/keira-knightley758.png
9,./aligned-images/keira-knightley/keira-knightley414.png
9,./aligned-images/keira-knightley/keira-knightley740.png
9,./aligned-images/keira-knightley/keira-knightley559.png
9,./aligned-images/keira-knightley/keira-knightley779.png
9,./aligned-images/keira-knightley/keira-knightley676.png
9,./aligned-images/keira-knightley/keira-knightley707.png
9,./aligned-images/keira-knightley/keira-knightley551.png
9,./aligned-images/keira-knightley/keira-knightley618.png
9,./aligned-images/keira-knightley/keira-knightley685.png
9,./aligned-images/keira-knightley/keira-knightley796.png
9,./aligned-images/keira-knightley/keira-knightley403.png
9,./aligned-images/keira-knightley/keira-knightley714.png
9,./aligned-images/keira-knightley/keira-knightley678.png
9,./aligned-images/keira-knightley/keira-knightley755.png
9,./aligned-images/keira-knightley/keira-knightley568.png
9,./aligned-images/keira-knightley/keira-knightley508.png
9,./aligned-images/keira-knightley/keira-knightley437.png
9,./aligned-images/keira-knightley/keira-knightley511.png
9,./aligned-images/keira-knightley/keira-knightley536.png
9,./aligned-images/keira-knightley/keira-knightley585.png
9,./aligned-images/keira-knightley/keira-knightley603.png
9,./aligned-images/keira-knightley/keira-knightley791.png
9,./aligned-images/keira-knightley/keira-knightley415.png
9,./aligned-images/keira-knightley/keira-knightley482.png
9,./aligned-images/keira-knightley/keira-knightley627.png
9,./aligned-images/keira-knightley/keira-knightley637.png
9,./aligned-images/keira-knightley/keira-knightley785.png
9,./aligned-images/keira-knightley/keira-knightley516.png
9,./aligned-images/keira-knightley/keira-knightley448.png
9,./aligned-images/keira-knightley/keira-knightley525.png
9,./aligned-images/keira-knightley/keira-knightley489.png
9,./aligned-images/keira-knightley/keira-knightley558.png
9,./aligned-images/keira-knightley/keira-knightley515.png
9,./aligned-images/keira-knightley/keira-knightley608.png
9,./aligned-images/keira-knightley/keira-knightley741.png
9,./aligned-images/keira-knightley/keira-knightley725.png
9,./aligned-images/keira-knightley/keira-knightley446.png
9,./aligned-images/keira-knightley/keira-knightley642.png
9,./aligned-images/keira-knightley/keira-knightley464.png
9,./aligned-images/keira-knightley/keira-knightley655.png
9,./aligned-images/keira-knightley/keira-knightley465.png
9,./aligned-images/keira-knightley/keira-knightley719.png
9,./aligned-images/keira-knightley/keira-knightley729.png
9,./aligned-images/keira-knightley/keira-knightley658.png
9,./aligned-images/keira-knightley/keira-knightley539.png
9,./aligned-images/keira-knightley/keira-knightley563.png
9,./aligned-images/keira-knightley/keira-knightley693.png
9,./aligned-images/keira-knightley/keira-knightley632.png
9,./aligned-images/keira-knightley/keira-knightley778.png
9,./aligned-images/keira-knightley/keira-knightley593.png
9,./aligned-images/keira-knightley/keira-knightley795.png
9,./aligned-images/keira-knightley/keira-knightley716.png
9,./aligned-images/keira-knightley/keira-knightley417.png
9,./aligned-images/keira-knightley/keira-knightley763.png
9,./aligned-images/keira-knightley/keira-knightley470.png
9,./aligned-images/keira-knightley/keira-knightley782.png
9,./aligned-images/keira-knightley/keira-knightley666.png
9,./aligned-images/keira-knightley/keira-knightley613.png
9,./aligned-images/keira-knightley/keira-knightley702.png
9,./aligned-images/keira-knightley/keira-knightley643.png
9,./aligned-images/keira-knightley/keira-knightley767.png
9,./aligned-images/keira-knightley/keira-knightley410.png
9,./aligned-images/keira-knightley/keira-knightley648.png
9,./aligned-images/keira-knightley/keira-knightley438.png
9,./aligned-images/keira-knightley/keira-knightley679.png
9,./aligned-images/keira-knightley/keira-knightley463.png
9,./aligned-images/keira-knightley/keira-knightley697.png
9,./aligned-images/keira-knightley/keira-knightley629.png
9,./aligned-images/keira-knightley/keira-knightley510.png
9,./aligned-images/keira-knightley/keira-knightley777.png
9,./aligned-images/keira-knightley/keira-knightley564.png
9,./aligned-images/keira-knightley/keira-knightley444.png
9,./aligned-images/keira-knightley/keira-knightley454.png
9,./aligned-images/keira-knightley/keira-knightley478.png
9,./aligned-images/keira-knightley/keira-knightley747.png
9,./aligned-images/keira-knightley/keira-knightley665.png
9,./aligned-images/keira-knightley/keira-knightley789.png
9,./aligned-images/keira-knightley/keira-knightley447.png
9,./aligned-images/keira-knightley/keira-knightley774.png
9,./aligned-images/keira-knightley/keira-knightley683.png
9,./aligned-images/keira-knightley/keira-knightley797.png
9,./aligned-images/keira-knightley/keira-knightley408.png
9,./aligned-images/keira-knightley/keira-knightley406.png
9,./aligned-images/keira-knightley/keira-knightley733.png
9,./aligned-images/keira-knightley/keira-knightley771.png
9,./aligned-images/keira-knightley/keira-knightley476.png
9,./aligned-images/keira-knightley/keira-knightley630.png
9,./aligned-images/keira-knightley/keira-knightley532.png
9,./aligned-images/keira-knightley/keira-knightley616.png
9,./aligned-images/keira-knightley/keira-knightley461.png
9,./aligned-images/keira-knightley/keira-knightley495.png
9,./aligned-images/keira-knightley/keira-knightley493.png
9,./aligned-images/keira-knightley/keira-knightley526.png
9,./aligned-images/keira-knightley/keira-knightley692.png
9,./aligned-images/keira-knightley/keira-knightley708.png
9,./aligned-images/keira-knightley/keira-knightley598.png
9,./aligned-images/keira-knightley/keira-knightley594.png
9,./aligned-images/keira-knightley/keira-knightley555.png
9,./aligned-images/keira-knightley/keira-knightley427.png
9,./aligned-images/keira-knightley/keira-knightley483.png
9,./aligned-images/keira-knightley/keira-knightley690.png
9,./aligned-images/keira-knightley/keira-knightley620.png
9,./aligned-images/keira-knightley/keira-knightley550.png
9,./aligned-images/keira-knightley/keira-knightley452.png
9,./aligned-images/keira-knightley/keira-knightley531.png
9,./aligned-images/keira-knightley/keira-knightley542.png
9,./aligned-images/keira-knightley/keira-knightley773.png
9,./aligned-images/keira-knightley/keira-knightley425.png
9,./aligned-images/keira-knightley/keira-knightley625.png
9,./aligned-images/keira-knightley/keira-knightley474.png
9,./aligned-images/keira-knightley/keira-knightley617.png
9,./aligned-images/keira-knightley/keira-knightley433.png
9,./aligned-images/keira-knightley/keira-knightley595.png
9,./aligned-images/keira-knightley/keira-knightley546.png
9,./aligned-images/keira-knightley/keira-knightley756.png
9,./aligned-images/keira-knightley/keira-knightley770.png
9,./aligned-images/keira-knightley/keira-knightley768.png
9,./aligned-images/keira-knightley/keira-knightley423.png
9,./aligned-images/keira-knightley/keira-knightley704.png
9,./aligned-images/keira-knightley/keira-knightley653.png
9,./aligned-images/keira-knightley/keira-knightley712.png
9,./aligned-images/keira-knightley/keira-knightley736.png
9,./aligned-images/keira-knightley/keira-knightley711.png
9,./aligned-images/keira-knightley/keira-knightley566.png
9,./aligned-images/keira-knightley/keira-knightley794.png
9,./aligned-images/keira-knightley/keira-knightley540.png
9,./aligned-images/keira-knightley/keira-knightley529.png
9,./aligned-images/keira-knightley/keira-knightley639.png
9,./aligned-images/keira-knightley/keira-knightley745.png
9,./aligned-images/keira-knightley/keira-knightley757.png
9,./aligned-images/keira-knightley/keira-knightley432.png
9,./aligned-images/keira-knightley/keira-knightley581.png
9,./aligned-images/keira-knightley/keira-knightley612.png
9,./aligned-images/keira-knightley/keira-knightley450.png
9,./aligned-images/keira-knightley/keira-knightley441.png
9,./aligned-images/keira-knightley/keira-knightley720.png
9,./aligned-images/keira-knightley/keira-knightley715.png
9,./aligned-images/keira-knightley/keira-knightley746.png
9,./aligned-images/keira-knightley/keira-knightley673.png
9,./aligned-images/keira-knightley/keira-knightley535.png
9,./aligned-images/keira-knightley/keira-knightley644.png
9,./aligned-images/keira-knightley/keira-knightley680.png
9,./aligned-images/keira-knightley/keira-knightley439.png
9,./aligned-images/keira-knightley/keira-knightley717.png
9,./aligned-images/keira-knightley/keira-knightley780.png
9,./aligned-images/keira-knightley/keira-knightley699.png
9,./aligned-images/keira-knightley/keira-knightley743.png
9,./aligned-images/keira-knightley/keira-knightley696.png
9,./aligned-images/keira-knightley/keira-knightley799.png
9,./aligned-images/keira-knightley/keira-knightley669.png
9,./aligned-images/keira-knightley/keira-knightley652.png
9,./aligned-images/keira-knightley/keira-knightley538.png
9,./aligned-images/keira-knightley/keira-knightley488.png
9,./aligned-images/keira-knightley/keira-knightley458.png
9,./aligned-images/keira-knightley/keira-knightley589.png
9,./aligned-images/keira-knightley/keira-knightley475.png
9,./aligned-images/keira-knightley/keira-knightley713.png
9,./aligned-images/keira-knightley/keira-knightley590.png
9,./aligned-images/keira-knightley/keira-knightley753.png
9,./aligned-images/keira-knightley/keira-knightley583.png
9,./aligned-images/keira-knightley/keira-knightley790.png
9,./aligned-images/keira-knightley/keira-knightley565.png
9,./aligned-images/keira-knightley/keira-knightley786.png
9,./aligned-images/keira-knightley/keira-knightley429.png
9,./aligned-images/keira-knightley/keira-knightley609.png
9,./aligned-images/keira-knightley/keira-knightley722.png
9,./aligned-images/keira-knightley/keira-knightley445.png
9,./aligned-images/keira-knightley/keira-knightley724.png
9,./aligned-images/keira-knightley/keira-knightley634.png
9,./aligned-images/keira-knightley/keira-knightley451.png
9,./aligned-images/keira-knightley/keira-knightley420.png
9,./aligned-images/keira-knightley/keira-knightley541.png
9,./aligned-images/keira-knightley/keira-knightley498.png
9,./aligned-images/keira-knightley/keira-knightley480.png
9,./aligned-images/keira-knightley/keira-knightley527.png
9,./aligned-images/keira-knightley/keira-knightley764.png
9,./aligned-images/keira-knightley/keira-knightley547.png
9,./aligned-images/keira-knightley/keira-knightley562.png
9,./aligned-images/keira-knightley/keira-knightley504.png
9,./aligned-images/keira-knightley/keira-knightley662.png
9,./aligned-images/keira-knightley/keira-knightley533.png
9,./aligned-images/keira-knightley/keira-knightley624.png
9,./aligned-images/keira-knightley/keira-knightley496.png
9,./aligned-images/keira-knightley/keira-knightley521.png
9,./aligned-images/keira-knightley/keira-knightley705.png
9,./aligned-images/keira-knightley/keira-knightley502.png
9,./aligned-images/keira-knightley/keira-knightley580.png
9,./aligned-images/keira-knightley/keira-knightley544.png
9,./aligned-images/keira-knightley/keira-knightley520.png
